title,link,pubDate
삼성전자 반도체 공식 사이트 | 삼성전자 DS부문 | 삼성반도체 - Samsung Semiconductor,https://news.google.com/rss/articles/CBMiTkFVX3lxTE1BbzZQOE1tNFA1UkdrazduYmUxeEpmWkhBczRGUmhnaUdBZUUxVmZXVXkzN1V5NlZYVTNvenE0TXZucHdicWhtRG5xdy12UQ?oc=5,"Tue, 25 Jan 2022 15:28:31 GMT"
"삼성전자 위기론…시총 한달새 90조 증발, 왜 이러나? [뉴스in뉴스] - KBS뉴스",https://news.google.com/rss/articles/CBMiW0FVX3lxTE5Qeld0a2Q1MUw1WTFuTVdKU2UyYXU2blR6dTR1ODRhb0FaRGgyS1M4Q3hLZnZha0UzdzB1Rm54Y09NcVpQZmEzemdmLU1MblJteGswYlh1cS02Qk0?oc=5,"Tue, 24 Sep 2024 07:00:00 GMT"
왜 삼성전자만 홀로 춥다 할까…‘어닝 쇼크’에 뒤따르는 질문들 - 한겨레,https://news.google.com/rss/articles/CBMiakFVX3lxTE5Mbm5mNXdRM0NWc0VzZWVYYTBqWmY0RS1xeUpUX0M1QVlJQTJvZHdxOUZJTUZRLXRaR1pfel9XYWRpR3VFeGFsbG5KcFNRaHlmTHFLM09TSHJmejFOOXpBUk5DWEp3QzJvNXc?oc=5,"Wed, 09 Oct 2024 23:13:00 GMT"
[사설] 우리가 알던 그 ‘삼성전자’ 어디로 갔나 - 조선일보,https://news.google.com/rss/articles/CBMihgFBVV95cUxPMmpmNEZRYnNFT0R6eWt1R0pHbVFxYXMwLVJrcmlBLWVteGUzZHNDWlJRMzVvM0tpSTZZNlNnRVdmWm9tMHlTXy1GUmdyMERNU0Y3N3hXeDc1dnF4RUh1UkpxcnVUNndvOHNGb2JuYVJNR1VOYzZZeHZQMDMyZjB0VS1IeDA5UdIBmgFBVV95cUxOajdfOENRdkotX3M5UGFUY1dOMGE0a0F5d3FGSy1idVRCYWxpY3Vya014WWw4ZEtndGtxN3NhS2E5Y0JwQ3ROQVo3X2R2ODZOUlB5bmRjaDM3WDBKRlBNTThtcWMxYVQxYmpyQlZvZ0Z0dHU4Rl82ZHNoMC1IcS1TZEJibEhjYVhxUjJUR1FuNkhHaktucFR0R3RB?oc=5,"Thu, 10 Oct 2024 07:00:00 GMT"
"""연휴 끝나자마자 이게 무슨 일""…삼성전자 개미들 '패닉' [한경우의 케이스스터디] - 한국경제",https://news.google.com/rss/articles/CBMiWkFVX3lxTFBnSXRISG1lUmhDVEhhakMxZlk2dVl1S2FWSTFUMXZ3SkRlVk5idnlkVWd6ZDE1Q1lFbmRTM0N3VTJialJMNGpEcC1JU2Zjd09NYVduaE5ERkJoUdIBVEFVX3lxTFBGRjRfclQ5TVZsZnhyOG9JYVhpYTVpV0JtTWNlSWhFelFIOTdTVm9uVEc2MDRoUHdxSEkwMnpTYjlpdkVTcU5aTzhmNUdYaWl3Rk94eg?oc=5,"Sat, 21 Sep 2024 07:00:00 GMT"
삼성전자 반도체의 재생에너지 - Samsung Semiconductor,https://news.google.com/rss/articles/CBMisgFBVV95cUxQWm5hMnJqZm5oREdwR2pab2VHYW40ZzFqVURFblJQaWx6RmFXXzBtVnIzSzYxS2g3ek94TElTSlZDWEkzekxBdVd0YkxPZjlXdVM0am9acjJWZ0JoTWRneEFBNkZtdkhoRzZ1RGNrSzBPejh0QmtJcklPdi05enlndWg5Nm5nLTVsWWwxaDFySGdzejFOVU54clFYV0VKQ3Y0YmFKVVNiYzhCb0pXalFBSVhn?oc=5,"Tue, 25 Jan 2022 15:29:57 GMT"
"삼성전자, 업계 최고 성능∙최대 용량 PC용 SSD PM9E1 양산 - Samsung Semiconductor",https://news.google.com/rss/articles/CBMi4AFBVV95cUxNMWI3SWpWTHFMN0EzSkMwekZDVW1XSjU2SmJHdEhzWjRfT1RxV1lyNHNxSExmeW11X2loSW8xcS0zTlhTaEpMYjZoWkplX24zM0FUaHRpT3RqcTB1UkpSTmRZNUxZZzlUcmZaMTdnelZ1aDdUVUZpZGl4dUlTOEg3dWdjczJucWlBZ3c1X0Fudklhc1pNMVBmaHpQeXJjUUxwa0RIWWkwLWxEVEREalNnS3dYVmJDX3ZMN2RmTW03MG1STklSaVotaWtvdlViRWRySTBPaTdCaTFHd0RoUkozNw?oc=5,"Fri, 04 Oct 2024 07:00:00 GMT"
"삼성전자, 스마트싱스 생태계 확장 위해 현대자동차그룹과 전략적 협업 추진 - Samsung Newsroom Korea",https://news.google.com/rss/articles/CBMixAJBVV95cUxNUnBxQUcybVR5QzJ3eXZNeEZNOXFDX0dOM2xUMVBJRDhpQkZId0JBNnNoVzd2QWJtRkFYeDVEYlhyWHRWUzM5WHFScTVOelg4TjVTWU8yc0p1cG5MdjlLOXU0SkFOVHV6YmdIZWQ2b3ppNldDS2dhT3ltbW9oaUxvZFNfZVVUS2REcHpiTEtFdEVvVi15WTd6RjRaN1RTSzQxWm13b1d3UzFQUFU2eUppSzlmRzZwMUVzM25idTdZMDljZC1JdGNMVVVRNFJGU1liWWM3MmhVWnZBTEdYOTBtVjBBci1IUkI3dzlyMzd4YTFaZmw5ZWlrOWxVcXRMZG1scVI5TXd3ZUpmNlJQdzVxVk1EdWY4aXhGc1BNa2lBbE84cl9oX1pXOGczNDYyamhJLTJxUGluaTdYQ19kbGtIaTZYeTE?oc=5,"Wed, 25 Sep 2024 07:00:00 GMT"
"삼성전자, ‘모두를 위한 AI’ 내세우며 IFA 2024 프레스 컨퍼런스 개최 - Samsung Newsroom Korea",https://news.google.com/rss/articles/CBMivAJBVV95cUxNbnF3R29KQzNEUThXZW9TNTZCZnF5S2dpaU5URGJHczRpbXpSRmRwS0FEQllXekpDdTF2anFVcVpBbUNXMVNLaEphcW4zOUduanZfM0tQN25lQ2M5LTN1OWxhdmNyTmVaSFRQM1c2ejU0YXB5TU5SN2NUTnNUcFR2ZGV1VU55Uzg0cU40UFBnZXdvNzRMVmViQ1lNTDJzYVFwZ05iT1ZRMFVjcG04RUlmeldZZktiazVoQms2TERSMkdrQWZKRU9TWFF5V1U5b3ZFNW5hX2tyTG5VRGhPNG5WUjRlU3JkTXN5Z002aHNQX1NhTEM2djN4azhFbFdIdVg1SGdSa1dOTGo0N3VBRFl5WFJuWkJmVGxSazlHWlpDcldxaHhiLUgzOGt6Z1lHZTBWVjVxQmNydDRmTGhD?oc=5,"Thu, 05 Sep 2024 07:00:00 GMT"
"삼성전자, ‘AI 가전’ 150만 대 판매 돌파 - Samsung Newsroom Korea",https://news.google.com/rss/articles/CBMi4AFBVV95cUxQQWQ1VHB4ODdKUGpkT0xoTENMczlFOTdoeUVuUXBsT3NtOEo2QUFMZ0J0Y1hHcHRxRzBpdlFyUTRtd3dneUpaWjQ1NWFuNTc3NmpaOXBSa2twMkJ3eEJ1c1JuTmliSmJxOW1sSVVwVkRZMWJ6YWNkbFQ0NUJ2UFo0VEFsNE5KTkZkeWRkdURxS09hQWdISHhvdjZTWnJSUU1sNk5hdXAzRXBrNFI0Ri1taHc2ald3U194VnVyUzdMenFPMUJKWGVpQlRIZ2pMbHZ6STdlYVpBc255S1o3clNRMg?oc=5,"Thu, 15 Aug 2024 07:00:00 GMT"
"삼성전자, ‘삼성 개발자 콘퍼런스 2024’ 개최 - Samsung Newsroom Korea",https://news.google.com/rss/articles/CBMiggJBVV95cUxPb2E3NU1WYlg4ZjFWdDhOU3ZCaFhocHFXQ013dGFaa1BMX0VSOGFVR3YzSThsZlowS1BrYlduVlk0U2R5dTEyQ3I1dFMxdENmM1RxdVhYQV9GMXFOTGFoMGRMQllXYUR0UVU3U0ZPak9fQ0Vib2x5bmxFNlRzUW9IQS1qekxKaW83b0hoUENMd0xLNjJMVjdmZXQxdVRwVHBTa3hnR3FBU082YmdDYTRjQkFjanF1NWZickkxWHNVVFNvNzFRU0Q1dWlROFVoQlhXUW9QcDZYTDF2OExmcWJCSXNlZ28xYXJQYmVLNXRpbXFNbG9UWlZ0VS1aSWE4R2NsMlE?oc=5,"Thu, 29 Aug 2024 07:00:00 GMT"
"삼성전자, 英 지식 그래프 기술 스타트업 ‘옥스퍼드 시멘틱 테크놀로지스’ 인수 - Samsung Newsroom Korea",https://news.google.com/rss/articles/CBMixwJBVV95cUxNWnlOY3o3YWNaSFdRazNScFl3YTRGek1PLWx3UEJtSGpLYnFINXRPY1ZOanF5NkxrRy15VG9hM1ZzUEIyZ1kyUmdDelcydWE3ajBWZUk4REd5bGNjLWxkejUyTm5CdTNtcWMwdGx5eXVBenVkeWtIbzFDYjJlNjR5UG9aVGxidnNmUFR3dGRoMXhLQnN3ZWNaZkdBVFlkTjNwNm1YVGdadV9RMTBIcFRic1hvNjIwclRnWjJlYTc5bFQ3cWtvd0tiZ1M3Y1BQX0U4eFBhaWxmTTBoUkJ6VFFHWER2WXhXbmFaV0JEa05aQ2pBZWFobnMxRmFtLTYwQU9zVTlLTlFJRFVNeldRdHZwbkkteXdjZVRWeFN4czc1YWV3Z0J1TVZjSnVRcXNxaERHQlp6bkZ1Sm56UF85OHR1ZEc2WERJNHc?oc=5,"Thu, 18 Jul 2024 07:00:00 GMT"
"삼성전자, 차세대 2.5D 패키징 솔루션 ‘H-Cube’ 개발 - Samsung Newsroom Korea",https://news.google.com/rss/articles/CBMiiwJBVV95cUxPWnRfRWJoeXRadE5NT0lUZmtxaFZTLVhOc3lOWjBLRkRyaTN5ajlSRG9tdzJnQlBUa3U5dFp3RWprM1dkbnVQVXZfVG9qbEU3Smw1a0E1U0Jwd2JrM2hRelFjSUdjWWhFay1UczB6MF90M2Y1MmZLUXl2ckdPb0JBSDF0STMyT3ZRa08yY1dQd3JBdVJjMjdTUS1rSHlZaGR0TnhraFczemdpQmY2NG52eWpWYmVhZE9hckdRd0xqQ3ZiOXlCT1hfbnQxSjhUWVZIZW52dXFBS2tzeC16VEk4S0kxcUxabVBta1A2MW13SkR5SGFDbDVfdWFyS3dCZHM5RzlwdTh0bmtKVFU?oc=5,"Thu, 11 Nov 2021 08:00:00 GMT"
"삼성전자, 파운드리 포럼 2024 개최 AI 시대 파운드리 비전 제시 | 삼성반도체 - Samsung Semiconductor",https://news.google.com/rss/articles/CBMiygFBVV95cUxOTVlwUEdTVTVGTW9tclkwZThqUGRwS2VjcExfMk83OFZ5NXlIMHBXbXB2ZnhjTTlIai0yVjJLQjl0UlFVblVQaE45QWkxNnpuU0lUVHpNVWNEUDRER09MbVk2LXdCb3V1SThsYlMyM2syX2RNQnBNNFlqM0JaOGxDYzgwOW9DNkRXUDl5alM5YVFlQzVxM2hadlNaMFhEeG1sN3VodjR6RkdrX3dSWFlvTzJEdWtkOXpEWUpHNmxjNVZhS2lIWHVUY1N3?oc=5,"Thu, 13 Jun 2024 07:00:00 GMT"
"[인터뷰] 초거대 AI 시대의 랜드마크, 삼성전자 V낸드 - Samsung Semiconductor",https://news.google.com/rss/articles/CBMirAFBVV95cUxNV0J1MzYwc3ZVZV9ybEU4ejJjM2hwNVZ1YTk5czEwT1QxQjdudEozNEFFeExTRGUxTEdVMmFMXzUxOWZ0MDl2YzVuTDdZY2RSNUdnd19Ca2wtN2kzQ1dDSWVENlRrY0FxbjZnZE0tT2NyR29LZlNsdllMQUVvelhjcE5QeDgzVFZWb0ItanlCR0h4TGFvcHU4NklibW1xZUNWUXkyREQ3YjNhNm0w?oc=5,"Thu, 23 May 2024 07:00:00 GMT"
"FMS2024: 삼성전자, AI시대를 위한 고용량·고성능 스토리지 솔루션을 제시하다 - Samsung Semiconductor",https://news.google.com/rss/articles/CBMijgJBVV95cUxQUkcyN21leHVuRkJ0QS1pRERZRGgzNzhCZ1RibXBpbjJSV3pRMGZBN3FDQzhEMFpQTHlWV2hEdzBZNEdNVnQ2TE9ReXFiMEhzM1Eyd0ZwclFYZzIxS2pnUkdRdmdNUWFRMXZCdWZDbU1IM3M0V0FBV0hsb01RVEJkSGRUUmFqZlhJNU9pemJyMlpRWHBGZTR1a3NrTm85SDRLc2JMNkV4bEpMcnRTa2VIcFcyUDNZTzVvZjFkdFo5RTZkUHplN2VEeFJiR051S2NrWnl3cUJHU3BJRmpLWmxXb0h5NkJvY0puLVlSMmZDTUlpb1BBNDNQN0M1a2FSQnl5LUZYODRVaGtZTWNCc2c?oc=5,"Fri, 16 Aug 2024 07:00:00 GMT"
"삼성전자, 스마트싱스 ‘패밀리 케어’ 서비스 개시 - Samsung Newsroom Korea",https://news.google.com/rss/articles/CBMirAJBVV95cUxPc2ZJRTVHdlB5TDJlS1NLNnVsdFlMd1pIbUJ3QmZTS1ZjODJCZ1g3al9CdHVlZi1UOVZlWEowMU5GZ2Y4Y0xsM2hZTmp2YlBkeGJlY1VRTDVoR2p0NUxCRFliTUF0M1hnTzlpbmVfQ09OVG9aS1AxU0lLTnFUVmlPQVRZYlZScHZNTldEdTUtSVpFbEY1WW5tWWRLZmRZNldpMFhRaDdQbXEtVjlsM0tvcGpVSG1zY1hHcURfZncxeDVRZWRMMGNscVNqdkctM0JHUEJQQUJOQUZCazMxMXZpM0c0Rkk4OG5MV3NxQXRfTkIzMldMRG10bW1BaHI2cXU3X3lZc1BacUowRnJHejV4aE5IRmwyNTNLY1FCX294S3FLT25pVlREbUF0NGE?oc=5,"Sun, 30 Jun 2024 07:00:00 GMT"
"삼성전자, 브랜드가치 914억 달러로 4년 연속 세계 5위 - Samsung Newsroom Korea",https://news.google.com/rss/articles/CBMitgJBVV95cUxOOE9aMFg4Wl83NjAwX3hnN1lNWTEyXzJ6VHVEQ25vR0FaY0VSUnVremRVQ0pGZlpybGdDN0NwaHBjRHQ0ay02OFZ0NHVucHVjTGt1SzJsRGZSRm5RM2VNT09yNFQzMURLNHZ2QUVINkh0YU1HQTE4V29xekV3VmQxaUlreGU5MEVjS0pyYnNfUnlkQjB1QTRpNzZmbkJkd2hoMDdFOGgzSFVuTG1pUFpibWxlV0E0ZXlQTFBTUWd3akRhakZ4WGFtQnd4QWNObWtyMktkZkt1R1VlT09YZzVPeUkzZ2ZweTZxdDhzUFQ0Rnl6cmlWZmlRbU5aaV9OZGZXYnNIbnFaNHptc1E2bGlTcTk1MWNjNFpHeTU1aF9CWTFPNFpYbU5zRGo2bThLT1JJeG5pczRn?oc=5,"Tue, 21 Nov 2023 08:00:00 GMT"
"삼성전자, 업계 최초 GDDR7 D램 개발 - Samsung Newsroom Korea",https://news.google.com/rss/articles/CBMi1AFBVV95cUxPN0tYZVgycEJlU01ieFhfaEFNTHd5TkhzVVN0dW1qSnY5ZmFTcEhmOUg2S0x4RzNPcG55S3ItbGJlQm05ekJza19PQ09JWmtFOVNjM0I0MXJkZ2dWV0gtVzJCUEg1eE5GN0hTSWJCTDlvUUMxOGlTMjJCX3dYRVlDc0NEUWdSQTllT1pJTlhwcWJCZnFWdjdmQnpBcHlOOVBySWhCOE1lZUVLTndYV1RaTnRoeVB2ZGQ2WFB1d0ZhUXB3SjROQkprVEREX3NnMkhvMHBhOQ?oc=5,"Wed, 19 Jul 2023 07:00:00 GMT"
"ASPS 2024: 삼성전자, 비욘드 무어 시대 빠르게 앞당길 첨단 패키징 기술 선보이다 | 삼성반도체 - Samsung Semiconductor",https://news.google.com/rss/articles/CBMi5wFBVV95cUxOVnZfOXhzcjBQZ1ZCQXNHWWRZMUJBdG5FeUVaUkJVQnhDRHV2WjdmZXVZN0VxUTR2MEgxU3o1bEwyWjVrUEZybjJIN1d5dHd4ZTRKUktodGdfT1RDRlNySjRBcU9ESzJzZFY2STZTR0ZhdVVHNHBocHI4YV9VaFFEVklia3I2OGtXM2h2cGNZVFJpdTFsM1dxQjZfTXE4QkUxOFA3UEoyeVRkTUVjMU5EWkxRWGxUVHpCV2NoSEpSaXVZbW9GZW5GUWxKb2tmN3AtUS1zVmNxb3hUMDlQWk1hdHFrTWVQMk0?oc=5,"Wed, 28 Aug 2024 07:00:00 GMT"
거품 낀 벤처처럼 와르르…삼성전자 주가는 왜 파랗게 질렸나? - 한겨레,https://news.google.com/rss/articles/CBMickFVX3lxTFAzS1g2dk5DdGxiNGdhdmhmTVo4cXRsQUdwZ0NHR2tHSExJb3lwU1JhQ3gtZUxJMUF0SUtUUUlKUlhhMklCTGRuZllWRW1DTUJ0M0g1WGJ1ajNnQWl2U01OS3U2RUFJai13MGFCN3V5N1lxUQ?oc=5,"Thu, 19 Sep 2024 07:00:00 GMT"
"‘6만전자’도 위태로운, 삼성전자의 중장기 리스크 - 한겨레",https://news.google.com/rss/articles/CBMiakFVX3lxTE1CQTg5M25yYWc1NEM3R2hRX1NaVjUzM2JPWjhLNzZ2OGxkTkVkQlZJQnpTRGpWN0lqMFhmVWxvMnhZSU02c3FNdU5uOEIteUJJbmNkeFF6bG1Xajkxd3BOMHJRZllKeUtJdkE?oc=5,"Wed, 02 Oct 2024 07:00:00 GMT"
"삼성전자, 업계 최고 속도 LPDDR5X 동작 검증 완료 - Samsung Newsroom Korea",https://news.google.com/rss/articles/CBMilAJBVV95cUxNeVJIbTJUYUlSSXZTZjgtMXRWQkVfMUFRQ2NvaHNaR1FZcWlBQkdIM3FfVVdIcGNzUENiWXNVZkdLY2tsRDUzajRMSjlpZENISVRqdEx4UnhNRWZYbVFzT0VTZXNCRXhBRjhmd1Q2X3UyeUdhaWFEUEVFZGtQeUl1dEw1d1k5UzdDUTJLT29PU3VOZWswWVV5VE1XT3N1Y3V2UEhRTmltUE5kMnpYajFtT2tpZXZPYW9VaFU2bEV3VUZOc3VRUGUzdFhicEZmcm93YUJQYjVIVVBIRGRQOFljVmtBQy1oTTBJN2lnLTN3XzNGSzdJbkdvbDcxZ1JJTXRvdWpqQUZpdVBSbG1OM3hYN2tqTWM?oc=5,"Tue, 16 Jul 2024 07:00:00 GMT"
"삼성전자, '新환경경영전략' 선언 - Samsung Semiconductor",https://news.google.com/rss/articles/CBMisAFBVV95cUxORndTRXozUTVKTEwwZWhxSFdYR1h3UndhRklUc3BWWWpHbUNfZDRyUmFqSHBad18tdktvbHpyd0pCazcyX015U3FDTVlOZTExTUhLTUVMRU5CTGYzOFFjR2dwVmpVMzBKd1ViVlg0dmhVZUR5bzA3MVFwbHJ6SEN0UkwzUUdMNWZXSy1ZQWJxMm4wMTVqRXJZa1NHZHdFMGZlUFM2RmhGMURmT1hDSFB0NQ?oc=5,"Thu, 22 Jun 2023 21:18:12 GMT"
"삼성전자, 사과할 정도의 ‘어닝쇼크’에도 주가 6만원선 방어 왜? - 한겨레",https://news.google.com/rss/articles/CBMiZ0FVX3lxTE53cmZyODRoa2pxZWh6bDV4TDJRbWFldTRnX0NwOWNXQzJiS1JteThXd254VlFhWFJ3MlVnZVd6WEFza2dkY3Z2UnJiNzE4RWVLaGhJd2hvamdBbHl4dWYyYzVqTEFNMDQ?oc=5,"Wed, 09 Oct 2024 00:38:00 GMT"
"삼성전자, ‘맞춤형 경험으로 열어가는 초연결 시대’를 위한 비전 제시 - Samsung Newsroom Korea",https://news.google.com/rss/articles/CBMixAJBVV95cUxNcGJydkVLX3BoYUhIMTRlN0VKQkdTZ2JOeEdkQlpXNllNV29qWG42elNRQkRzY1ZTc25tZHlzSmFkVXhaOTZXU214bk8tS2pIT1pNM2pCalJrRDV4N0RMUlNWSGhObkk1dG1BeEtzWXcyZnVNdUNkR2Y2MEp3SkI2VW9CQVA1OXM4QXlMRXBLSXRrYXY2Nk1DZ3FEcGxsdkRZQlpYZ09VMXNMYUhBYjBwV2lYVG5IQlM2UGtCSmZYRi1HcmI0ZUxIdkRTdk9wMURqdVAwa2hwb1hSRGxqZ1lUdnhNamtZSEoxbnVnR1ZaeUN4aUwzMVBWb2x4anU0dV9Oek1STVVPQnRUbVJtT1RqS09Zb2oxcGluWmwxUXJJZG5HV3N1Sl8wV2dZUGdneHlXNlVMOFlQRnBLVG5GZXpGWlVHRjI?oc=5,"Thu, 05 Jan 2023 08:00:00 GMT"
‘삼성전자만 겨울’ 계속되나…4분기 ‘영업익 8조원대’ 전망 등장 - 한겨레,https://news.google.com/rss/articles/CBMiakFVX3lxTE52UXAwbFpnZzVKazlwZnNIQU85cEZtNnFKS2kzUTJveklJYzdreUVpaUpSemZwRXgzTFpjRVRpR1JLOW44X3lETThJMFpKMDNHb0owbWV0T0FlT3BTdGhWeHdyeWw1Y0lHSkE?oc=5,"Mon, 14 Oct 2024 01:29:00 GMT"
"'월급 40만원', 인도 첸나이 삼성전자 노동자들 12일째 파업 - 오마이뉴스",https://news.google.com/rss/articles/CBMid0FVX3lxTE00NzZURWlGNWQ5YUF2ZHVkY2JhRHRBMGp5UWYtd3UwM3dtby1hMjJ3TGdhTTVxdjZwY1JITWpQaWR2bFJYYWg4aFZybmFuZG1hQ2szSVBHRTRZcHNYMWtwWHVwZXd2bUlQLVRVQ0tpTnJIVDYtbzBr?oc=5,"Sat, 21 Sep 2024 07:00:00 GMT"
"삼성전자, 인포콤 2024에서 B2B용 ‘스마트싱스 프로’ 첫 공개 - Samsung Newsroom Korea",https://news.google.com/rss/articles/CBMixAJBVV95cUxNSFFEdzZFNEczdk5NRUVSUzRRNTFDdHhNdDNxOU9EdnloaUYtOTJkV19kYjI1dk8xR1BsSWxjQTBSMkM2Uzc0T2tJV0FlRkZnbFYzTGszTUtxajg4WlVpNF84NDd5cUMwazFTeFc4anlpZFIzRE5yQmd5MDBCbFA3WGd4aUtXU0hYSVNsaC1YRk5LRG9jcjI3ZXZIb1hMRy0yZjVpZFZJNVNfQldJalg1aExjdURKMjVYRXBjeFR1MC16Q3N5OHcxZ2hUc0s0dUNxVE5OMXBRQkhzOG9YY0ZZek9XVElfOXdPSDVuMnZlUE5ldGFycDZIQnFoYklFeTlocGU1eHozUVVLdDEtS3RHeW0yNXdsSnFqZ0M4SlM4bHFuanJIQmJQR1Z2QkhmelIxSTUxQXIxNmJZQ1ZTeS1ma2IwWVk?oc=5,"Wed, 12 Jun 2024 07:00:00 GMT"
"[갤럭시 언팩 2024] 삼성전자의 모바일 AI 미래, “사람을 위한, 협력을 통한, 안전을 향한 AI” - Samsung Newsroom Korea",https://news.google.com/rss/articles/CBMiuAJBVV95cUxPNlpIY0lNOEY5eURheUp0NVF0VnlMYjQ1c1d6emZWVzRYYmd0SzU5a0hoa3hBVG9jbnZEOUltN0hhdkV2NkdVZlh3TldELTlKNGplamV5YTRBZ2RyclFVQ19jdmtQQXN4dVpoNU1fVGY0cEVCN3dBYVY5dnNrUUxpNzg5RUhIWWJPMi14bFE3NG00bmp5bmNFVWpyM3JKTzNxN2pkUHlQNU5vSkVzQkxMVi13aFUyVHNRdmZRazJHVUVCNEZhWkNKRkVIaWVYanEta0ZsMko0emdHRjVmMGJlZEVFMmlLbDczVWJXRlNOWmZ5NWEwUjh0ZVNKS0RQSWJPRnBJTXRzcE9MSG9zQmp4bFFYNHh3RGFEdDFGdEJlUlZoY1ZtanJqTFAwOXd1V3MyQ2VHR3d5dnU?oc=5,"Fri, 12 Jul 2024 07:00:00 GMT"
"삼성전자, IFA 2024에서 모두의 일상에 편리함을 가져올 AI 기술 선보여 - Samsung Newsroom Korea",https://news.google.com/rss/articles/CBMiyAJBVV95cUxONmxvZ29wRm1pTzkxNzlrR1hfYUdMWFBTME5waDJUM2pFa2hjQjNOYmVwX2dId1dxWTd6eTh3VUZ6T2hKTXpNTTlsNTNOZTV5NUpkODJXVm82a1RBb3A2QzYzVFEyVXBxM3ptYVBZc3lyTm15T2t6d2wzbUFtMUpyNUlVbnRIWVc5OTN1SXZVelRMTzNsSms4Q3MtUDNEb0EwczRDci00Q2dwallQeG51dV9rS2FCcmFvdzRlc1dyX1FQSHB3WGhvVEFoalY3ek0yYzlQRWZDbzVsXzgyQjEwaG5JNV9yakVzYlBRQlo3QWdkTk5NaGl5ZERRYTRTZklualdpTjAxSnBGQUxobTQxX2NvcnIzZzVRTzZ3VFkwTVdKZTJ4N1pvOEVaWGRjQzdIc1I4Zzlla3ZGTkVISDVUMXFXUHBvMl9j?oc=5,"Thu, 05 Sep 2024 07:00:00 GMT"
"삼성전자, ‘국제수자원관리동맹’ 최고 등급 인증 사업장 확대 - Samsung Newsroom Korea",https://news.google.com/rss/articles/CBMiqwJBVV95cUxQWXNDdUZsbElKVGl1bXpObkhQLVp4eEF6RGYtYlRabkFkd2xWODJlNUFSMnpyYlROTGNERTZQazdpMVBnYmVlTktERmw4YzF6MmhHSTd5TFBpUWFzSmI3MGRwemNHdFpwOS1ObmlTdVNxc1pnelp1Tnp5Nl8zcnljWGlJNHB5aWV0WnBISG1tRUx1VWwyWlNZZkdobFFKR3BJc3V4RW5JQlRFMHFVUTdTVTdEN2xMOWpyN3RNelk0c0RLWmlhaVZOdGFJeHVmeFp6NEJSUDJFTkl5cXJycDZxa2tSaEtJSGRiS3p1X1lTb0FGaFA4bEpoc0J1d3dOcU1uZlRSRS1ibGVxQnhCUTBHMHdtOGlnOXkybWhsNWN6RHl0T0F5R2w3WWlNbw?oc=5,"Thu, 21 Mar 2024 07:00:00 GMT"
"삼성전자, 업계 최소 두께 LPDDR5X D램 양산 - Samsung Newsroom Korea",https://news.google.com/rss/articles/CBMi8AFBVV95cUxPTmlXRnc0aDNwQllaa2tWRjJoOE43aTFEMGtQRFpzZ0xlbE1WU2JwZzhTZkd3RmVaSURadG9oX3R3MlduaXI1SHA2bW9QSjNzcDBQMlg0OE5iWHZiNWFfM3M5Z1E0ejUtN3AwSEdHOTBCQ1FpdHlsV0xHR0k4Y3VNbzVjYzVLbDF5MWZub2ltdGFyNE1tbHlRS1ZiZzFPUEEzQ1VTT2VPeVVfbjd5MWhpNXV0M1VONVU5TWJ5YzdRU0k5TXRnRm5pLXJTTFhvNWg0TUg5TlIzdmdYcktPenlOQUZDVjR0M2JaMGpkUDZDb3U?oc=5,"Tue, 06 Aug 2024 07:00:00 GMT"
"초거대 AI 시대의 랜드마크, 삼성전자 V낸드 - Samsung Newsroom Korea",https://news.google.com/rss/articles/CBMijAJBVV95cUxON3JzcHk3VkJqYW11eU9fcXJETUpNa2FaWW9Kd0FCMXYwc3VyZ283R25qV0ozMmEzUG9uenZ5MVpsZkFKNWZJUWp1TkkxbERZc3hRZlFva2o0d2lLalJhSzB4amtuU3lvZ0pGenZkQlNDMDdWT2E1emhmZ0NNSDdqWm53VFVEdVRaa1NPNlo1czM4SDlHVk5DTFp1LU8tenAtNDI2aDdyLUNmRmRxTGJiLUJySTdnT1lNNC03SFhHdDBBXzItWXVFbGs5aXppZ2l5Qm9kMjQyT3J0V1NqWUZyR196QTZ1MHFjdXRTWURMX01RVHVvQWZwM2J2N042NVl2a0hMRTBsWVBTaVBz?oc=5,"Tue, 21 May 2024 07:00:00 GMT"
[인터뷰] AI 시대 삼성전자 HBM이 만들어 내는 완벽한 하모니 - Samsung Semiconductor,https://news.google.com/rss/articles/CBMivwFBVV95cUxNX2xmMWxKZDNSRHJxRmJseHFYSzNYMzdMSVlCTlFZNC1vR2NJaC1SeWtOZjRBNHJjSXFXNEtBVDZYNWxIdEplUGRMRWU3cTZ0NllDejNFSUxRdEw5NWl2WkdwY0N1MUhtQ2VycjFzMVhDWmZOejd6VUplcWFrcGZSOGF6dEpDN1ZEanE2VnVCalRDemxoVm5UUldlV3g3ZU9SaW9NV2RNMmZlek53S19NeFdEdkRFSXlqbDNUZk14NA?oc=5,"Tue, 21 May 2024 09:17:08 GMT"
"삼성전자, 美 ‘엘리먼트 바이오사이언스’에 투자 - Samsung Newsroom Korea",https://news.google.com/rss/articles/CBMiqwJBVV95cUxOWXE1NHRzajB4Y1pOUVJIZ1V0ZXNKRUwxWG51MTZ6QkpyekIzYnBxOFV0R1NldmdnTV9iYlU5YUY5TW1jT2tVVktrVnBvM1I1LTN6VTdCRnMwV3ZFdVAwVVZscGhJNlpjcGliQWhHTTUwOW9taGh5bmk3WHRhTm9uOWdwc1FXY05IZk5WckVrNk5wdk1VRDVhWWttT2xKdmtqZXNad3k3OFV2YkpBLVJUcTlHdDdKbmVhaWw2bnphMGxiZlRudE5XZ2d4bXNkaTBYTlU4MjBPRGtqSTkybFhrODNjbDNpTXRETVFiLTZkaVoweVVGWGctblVlUVU4MzRPM2pzTTY5NElpOHpPcGFVUE0tSFhiT3Y2UEVNY1dHdm4yd21COXI1SkNXZw?oc=5,"Fri, 12 Jul 2024 07:00:00 GMT"
"삼성전자, 한국 ‘파운드리 포럼 & 세이프 포럼 2024’ 개최 - Samsung Newsroom Korea",https://news.google.com/rss/articles/CBMitAJBVV95cUxNV0ZPQ0c2bm1nZzVSOXNoTGhpM3JDNjUwbXptQ2RHY0s3dkVpaENiaHQwazNHY1VFMFh0Q3VkTUY3Umw0TkN5bkxTTlVnM1k1TUtFcVU1akJMUDNYUGhhYlgzX0h5WEY0UWxtR091WWJnNDZUaHM3dnk0V1hPaUZWV3JhY2pwaGI3TFBGZEJzYUZfN0tNQTk4VG9oenpGNTRtSF9DS0R5dnlKc2JqMFpuU1h0V3QtY0ZscjdCZEgxYkl0ZVE2Y1ZmWlY5SEZJNWZNTXZPWHdYa3dmMFcyVG9OSTdwQjJSQ2JPSXd6aHp5Sm5HejVvdHV4WktnS0hkMzlEQTdqMnhGRllROEZ2b3l3R0NmY1lWY1VIM3FteEU2UDBwYXloTU40cTlJeDNaRk1kTWRvUQ?oc=5,"Tue, 09 Jul 2024 07:00:00 GMT"
삼성전자 인도 공장에서 노동자 수백 명이 파업과 시위를 벌이는 이유 - BBC.com,https://news.google.com/rss/articles/CBMiXEFVX3lxTE9PLUZEQm9uQmwtS2JFeGt1M0VMNzdYWjhhZTZ4T2FRTHl0VXFOWXFnOHFzbnQtbUZicnNaMzlRSEQxTTNDM0VHZHBKNDdBTFE4SGtoUkJpLS1vbTVM0gFiQVVfeXFMTzJFZkZPMkNwZ1RCZEU3UVJubjV6TWxYLTZWXzVTcW0taGJTbEVOT0pqOEFUZlZwLUR0d0NXMGI1WGNWN0ZZMzhIZFJDR3h1eFZPbjlqNWtCcXBfQW9iTUJGY1E?oc=5,"Thu, 19 Sep 2024 07:00:00 GMT"
[인포그래픽] ‘모두를 위한 더 나은 경험’ 삼성전자 접근성의 12년 발자취 - Samsung Newsroom Korea,https://news.google.com/rss/articles/CBMirgJBVV95cUxNdHpSeUMwd3R4eHJwWUFncko5U1dGTUdTVm5QN0Q1RHJpR0E5d093V0pReEYyVU1zNnFoZnJvUHJ6RUxNZUs1TVd5VUN0WHdPR3BIdkdBR0RlVUdCcC1kRDhwMEtrWE1LaDQ0VnNodHpmRXZrV3pzUTZKdjJZSzAzZFNWN1BlcUJnbmVpdmFQbnJ3X3VpSFhxMm5ZWk4wam1udTc3MHoxQ1hsSk93WGNjVGUtZGFQaXFLTkU5eDNOMXBPSEpRRDg0QmNBTTgyTnFiQWZweFZHSHFJTEJXY0NQWnA1ZnlxcEt6RnJZSmlkb29FS2lrNXlBaGV3ekNxTEdqbjc5R2UwdTRqVlJ0UXpiV050U29xbkdUQUp3WnJXX2F3YTFRYVVGZXJDZDEtdw?oc=5,"Thu, 16 May 2024 07:00:00 GMT"
"삼성전자 반도체, 차세대 AI를 위한 첨단 메모리 기술 공개 - Samsung Semiconductor",https://news.google.com/rss/articles/CBMi-AFBVV95cUxQUHRBWUZKTFp0X0g2dFgwRFBOVFQ2UzZVUE5BUDU5bnNqTEYyWWs2NW9UU0JTcDBiX2lDTDRJclJTMFlqZ1VnblJKU3J3cnlqWVpWak5ibmVKUnNoUzZhYW9LbFFtMUN1Y2tVQm9iOVdYYkxoRHVGR1RpUFpxRlRlTjdLZ2ZMNE9PLXl6YWFZcVFlSC0tcjBmeFRmSWpjY3hNSXRUVlhRaXREV2pCU2dBdnZONzMzcWIwekxLLXhRLUNucXVQcTdVZkFYU0VQRjFtMWRQVjRTRGJVSVVXcS1FVU1RNkpla2Z6UmQ5ei1nMXdTQTh1aXFIcQ?oc=5,"Fri, 21 Oct 2022 07:00:00 GMT"
"삼성전자, 차세대 사이니지 통합 운영 플랫폼 ‘삼성 VXT’ 글로벌 출시 - Samsung Newsroom Korea",https://news.google.com/rss/articles/CBMivwJBVV95cUxQM0NkRG9ucWI4aEw1QmxuUmNldzJ4UVhpVzl3UDI0M3B0TFJ2bTV3Qmc0RzM1N3dKOXRTSDFQRDV3emx5Ym5OTnBrYlkza0pjSHRzNWNGeUVEMGM3UzFlNXd6X2FwRnp5RXhHZFFycXptNU9ydU5acWlWZ1N6NDdTcXIyN0FBUnhUMmpYRDZKY01YdzBNdHNiZnRTbGlud2ZrQ1doWGp1cl9JY3diZHhRSWxsekUyRlVsR2diZGtRdzRMaE1td2xVWGFEc3BRU0N2bHFuSndQQ0psWnBDcEMxX1VOWWRFOEZZVmhyNnJMbTBIZUdTTEROekJJMlljUlZZaVFaOHZKTjZwZWtIZm5qRXMxWVZ0UVNncTJveWFJSm5tR1VnQXpZY19aZE5namltR2V0M18wa3FIZ1g1YVdv?oc=5,"Mon, 15 Jan 2024 08:00:00 GMT"
"삼성전자, 제55기 정기 주주총회 3월 20일 개최 - Samsung Newsroom Korea",https://news.google.com/rss/articles/CBMikAJBVV95cUxOZ21CQTZ6SVJhUUpLWHNhSlEtN1ZzdDBUZ2lMMDNmWmo3R2locWlHSkUtdWJFOHpMNWFCTDJPZXFzNVNjanpyMHU1SnhwOFZrbjZhYmJiQ3drUi1CYVFiUks3aE4yWllPOW92SlljZmNUTE5yU1VGM0tTZVRXaGxoOUlMeDRCamo5amJSQjJMWEFoZURjMnhndnk1REVTNlh4Q3NOVC1SQmdneFRXX0FibXU0cERkRm5sZ0N5dF94Z1IyaUtpWDQyZmpzY1lJTUF2d0YzTG11LWZrNzREanNLX1MwcGZkdV9qcVk0c001allBcWpVNi1VeFJGb25jNXpuNUhEdGxTc29WVWJqNWdBMQ?oc=5,"Tue, 20 Feb 2024 08:00:00 GMT"
"삼성전자, ‘新환경경영전략’ 선언 - Samsung Newsroom Korea",https://news.google.com/rss/articles/CBMi4AFBVV95cUxOdGRpbWhFUUZ1V2pQX0dZZDFSMERmXzdNa2xtVGZqSWdjbk5QNXkwQzAyVDUwRzFtNUhYQWtBNVlrSU1MajRSX0dtSkd2WUJQMU5iZFNtYkFMRU9kdTFYLTBPdVk0RERraUsyRDdxa0FjMktuTFlUSWpjN0U1YWs2LUp2WndJYVNKWVU1VkM4Uzg3MHA0VEc1Yk11Q1hGR3Nad2xCTFdVRnp6Y0QwX2xjQVM5dmx5c1prSEZhOWxOTXZ6TFZuRVczR0h3WExZYkxPUUFabzl4QTdTWTNqVWNPdA?oc=5,"Thu, 15 Sep 2022 07:00:00 GMT"
"삼성전자, 전력 효율을 극대화한 데이터센터 인프라 및 메모리 솔루션을 통해 AI 시대의 오픈 협업 중요성 강조하다 - Samsung Semiconductor",https://news.google.com/rss/articles/CBMipgJBVV95cUxOQTNITHRyQk85Tm9jd0hNdjVTWFNHQThwUURZcWtqS0xiLTgtUkZfek5xLVRkQXZ1NWNCVkxZVU12RGNGOVJsNzREWldRWUhHYXh3bk9rMFM1cnVRdUNNQ0FwRnhfQVJvN3NVekJtS0tvbDFsRTZjQ1dtV2dvd0YzZkMtc2hheFBPYzdoa0lPY1hJN1JKdzYzVTI4SVQwM2FvbUtnU1h2eWgxS1ZERXJQN1VzQXdCa3drLWFJTW11MDFsajJmZG9Eckc3WEZNMGpIUlk0THNzMDF3amtrNDhibGtSVnh2UXRsbW5FbFRyS21WMHh5Xy1WS0hvbTliQV8yY2cwMjNYNXM4SFBIeVBqbm1BNC12eXRza3hiV2xScFo5YnQ1S1E?oc=5,"Fri, 06 Sep 2024 07:00:00 GMT"
Samsung Electronics Announces Industry-First All Flash Certification from VMware for its PCIe Gen5 SSD | 삼성반도체 - Samsung Semiconductor,https://news.google.com/rss/articles/CBMi9AFBVV95cUxNV3VMSHB6cVZILVJLMlotOTJ0VUM4ajRyT3VBNW9GekxFYjFXUmNlWnlOVmpwTHVLZk5fYjRjck04TFhJOFUtemFLY29ydnlhR3FmUmMzQWd6eldnZmIwX3BwbWNlaEt5am10d1BqTzh2TEw2bFp5OWtOTi1YN2dTXzZielFPQ2lkdThCTXI2dGJaTHR2VUVYLWhQRVJkQmpGY3A3WXA2QlJua1FFc3BkMmtLTzZXbkxkeEp0aEN3aEtYSmxUYlpUT2ZXZGhXQjJwTm5fNjJtdFBCOGx4WWlucWNVVWRqaHlMUV8tMXdLeHNrd3dH?oc=5,"Wed, 23 Aug 2023 07:00:00 GMT"
"삼성전자-KISA, 갤럭시 스마트폰에 ‘악성 메시지 차단 기능’ 지원 - Samsung Newsroom Korea",https://news.google.com/rss/articles/CBMiwAJBVV95cUxPSlhyNTIzYWJmNEVxb0g4VUhIUHpWNjdhTWpDUUo2aF9XeUhaNVRhbUhkWElNQ2pWU01ENGI5VTE1RTJuUkVOTjJiTE9mY1kydUFWaUpyZDFXWW5yV2pkWTByUXdxS1E0ZTFoTU1mVjh4dmlTc2JaQlJrVDRnbHVXdldlR3o2eHJxYlR2cWtiMmtka3J1cWRmTUpJYzIwQW91RmdRSGxfMlIzVG44SzlnekNpaEctSXN6dnE3SjNXSFpmd2ZQdkdteThXZWhMekVuTk5jcmJYTWUzVFBTdjVrenpPc1A3NjZJNnJYbUp4WEQzUjJTaWR4Wi12em15NkdvMDgya1ZnOUY3Mks1QkR0TmhIVk0wSmlwLURpUEYwN2pLcUxpakczSXJMQm1MNllQRFRhbEpsd1dEX0dJX3lXRQ?oc=5,"Mon, 09 Sep 2024 07:00:00 GMT"
"삼성전자 AI가전, 음성제어 더 쉬워진다 - Samsung Newsroom Korea",https://news.google.com/rss/articles/CBMirwJBVV95cUxNaHlOYV9aRk1Ja3NRallLZ1l1dkhoUk9KZF9wZmJzSDMyNDVJdjlnUm0yUUtPN2U5SVl1Vl9rWVZQRWFFNW82RXFUazJYLWxRVy1uai1PUGJFMlN2MjRyb3JTSW1WYlBZZ3VaQTFuQVo1bjB5OFZrNVpvdmVKU1VEc3pQRm5hQWs0ZHBhVGYtRGRqd2cwWnZvWjRBS0dMU0hOWnI2OVlTWHpyZHlOUEJacjl6S1V1NTBWT2tZaHNfME5zX3ZwSDZYQm45VGY3aHpoZmVTd2VXMjEyeEhxZWxXNC1IaWV6NTNwUWlmMG96VHVMZXJ6R1ZSQVVSeGIwemtPREo1UkRZYUlvRjgwUExNWU1uUDQzYUR6UTF2TVhSODNuaWl0QllBTVJ2ZHloTHc?oc=5,"Mon, 26 Aug 2024 07:00:00 GMT"
"삼성전자, 美 냉난방공조 기업 레녹스(Lennox)와 합작법인 설립 - Samsung Newsroom Korea",https://news.google.com/rss/articles/CBMiwAJBVV95cUxQRnFzY3J0SzFmaTI0YlFsaUN1bEVWNzdna2Q5NDEyV1phQVlwTWFWLXQ1Z25oNWhndEZqV3lIOEtkOEtrbk5nT3pjUUVXZHlHUVJtWVF2aWltLUlhRjkyVEhERVZrNEs4aWtGSmo2ajVVcmdKb2ZJZklzdGM3RGFrWjdKRlg0N2JhU0lQaVd2Ukl3bWhTUjcybXJKa1pPb1M1M281T0duYU5aR0ZtaDlscG5fV05sQ3NGVUx2XzRJRFBxSlBWZGZ1cW9LMnNNdUxiVDJteXluMWIzc05XbWZqMGp0TFcxcTlVMV8zc0NtNjU4YkMtNFN5UEQwMEtka0duSUtva0NONGY4am9xczVmMlR1M3gwN05Vcnl6ekpxdE01UkRnZnlJMGxjU2FNYlAyWXFnZG9McG1sNXJNZFZMbA?oc=5,"Tue, 28 May 2024 07:00:00 GMT"
"삼성전자, ‘제8회 삼성 보안 기술 포럼’ 개최 - Samsung Newsroom Korea",https://news.google.com/rss/articles/CBMiiwJBVV95cUxNTEVFT19UZHQ3ZDRFVG9RM250ZnVwUkJCOTV5bnoyZ0RIZTVtQlFlemxSZHNJOG44RnpORzAtR3hNendpSHdoQ3R3VlhnNnd0VkRMbVA0WmtNeUJ2bzJUVW5IVzhYZHJmQTNlUEYyNXVrMERKaThrdEUxV091cHNVMzNvV0dFU1ZmOVVDdmd2VUw2RERuQVFVNUNodjBDZGZXRkxJZnRJRUFDdXVwVng2NTZKMFZ6Y2ZsTjY5ZnFtZHNtZlBhbW9pZWFsYTFtdG96X09DVVN0SHdYX2l5UXRiWUNHZF9tc21feno4Y04wRDRuWjlqUDdPVVpOeUVSNUlGb0pmUEpyd1pKaGs?oc=5,"Tue, 10 Sep 2024 07:00:00 GMT"
"삼성전자, 업계 최초 ‘레드햇 인증 CXL 인프라’ 구축 - Samsung Newsroom Korea",https://news.google.com/rss/articles/CBMipwJBVV95cUxPbXNWajU4ZHNjVjhRbXlfSlF2bEx5ZnBnSnBKNjZ5SHBaOGtqRWx2YkwzMmdIT2JzWF9EOTQ5VzRzckZjTUdxMk9ZUTN0RkFab0JkOVMyU08wbFM2bUx1NVhYMjYxUGFKSGZtZzRCd0FaRC1TVW15VElUdDZYeGlIU0t3ODFadWFVcGpMbjhuQl9pclNzYWZUVHFtQ1BrS2JIQ2pDMVVja2tQdVh6VGI1RzNTVXJqUDkxVzFIcDJlVXR4TGpGdnkxT1A5dkxIWURoOGFDbHlzYl9CNlpxaUhYTmpxOWdCRFZSVE1TSFlDdUFnS050MV8wTHduRUVrRWdsS1FZVGZKSFpZdThBUXBQVUxYWmdld3ZRYklhUmVXRGt4OXJzVE9j?oc=5,"Tue, 25 Jun 2024 07:00:00 GMT"
순환경제 구현을 위한 삼성전자 반도체의 노력 - Samsung Semiconductor,https://news.google.com/rss/articles/CBMinwFBVV95cUxOYlhUR1ltemFrenVKeXRtdnJVaFJFMWZNQ2RnbExqMmMyR1ktOUZvYWo0Sm92NzhOX1dRMHpMNHRCN0RuT2I1NUpwUUNiZVg5Q0s0UE11MkRtR0kwLVJyTEJFcUlNNFQybVVoZHlNUlZNUy0ybzBaZnhCVlNZM2h0N2piVWU5VEp2ZjBHdEV1UFRZbUljdHZRQ3N1XzdaRlU?oc=5,"Fri, 06 Sep 2024 03:37:16 GMT"
삼성전자 - 한국경제,https://news.google.com/rss/articles/CBMiU0FVX3lxTFBGalJlanNMeldPTHY5Umc3NW04YWp6UzhUNThvbzFlRUxQOWNaOUpwOHgzQ0EtR0luS3BfYS1hVG4zNnE3LV9rNHNUdDZpT0kydTBF?oc=5,"Thu, 31 Mar 2022 22:01:31 GMT"
[IFA 2024] 베를린에서 펼쳐진 ‘삼성전자 AI 혁신의 장!’ 구석구석 살펴본 전시관 이모저모 - Samsung Newsroom Korea,https://news.google.com/rss/articles/CBMisAJBVV95cUxQSkhHQWNpMVpjMWsyTHlyQ3BzYVUwalhyTl9UWWtCTFVwX0RmS0N5MnlMSWl1VkdQajFtdkxsMVZvUF9NVjlLTnQxN05RWmRtbkRtZEdGZWR1aHZQSkdvMlFZSkpHM0ttOHRSV3VKUEJhUTJIMncxZWJ6WTZ2dW00NVJmbWlGbWJ5LV9VNEk4RkNTcDR6YmVRSUYzWTRMTG9yVEJrbWpaR2NkWDRRYzBJV2RvYlZzMmhGWWN2WE9nUVpWSjJreXdIMlcwNWZ6Y0gtQlJvbktaTnJOQkpxQ2RaTFA0SlFRSjZ3ZWlkSi0ycnpTcldob2k1Wkp2aHBGcURhaHl3UUw1Y0w4bklyWGdNWEhGYnlCQks5X09NektCdWozcGc2cXhZcl9UYUR4ZEV3?oc=5,"Sat, 07 Sep 2024 07:00:00 GMT"
"고객과 투자자, 그리고 임직원 여러분께 말씀드립니다 - Samsung Newsroom Korea",https://news.google.com/rss/articles/CBMixAJBVV95cUxOR3hlcEl1VGJoVkVtNEc0MXd6ZlNIVzV5R2J2Rmo1NWhUSDR2SXJuVzR4X0lmc3gzUUpfdXJaUVRKOXNDaFA5QnFIM0RjdGJSdndnckdGTlZ6cEJEblVtcE54YXJYZjg2LU1uQjRld1hYWHJYT25Yei1FYnAzMnhxTExHbkZwN0dRUzEyOFV0QmRGMlc5X0s5TndSb2dMYm1kWWZndm05T1duTmFaSk42TkVFNzl0Y1gwbG9LeWhHUDl1emhfVUtuU2w0QnZzR3RhaVNlbGJLOTJxQU1tdlRmUWFhcFU3MF84TFNJbGkwcFAyN1k3bmowNTdFVlRGTEZPbXc3YWltbWlCNkMyTURFN19VRWpOWTBjVDdsQnU2c0cyano1RnRFTi10Y084NGtESzlNSExQc2NqTDByM1ZEZERxQ04?oc=5,"Mon, 07 Oct 2024 23:51:02 GMT"
"삼성전자, 게임스컴 2024서 무안경 3D 게이밍 모니터 ‘오디세이 3D’ 공개 - Samsung Newsroom Korea",https://news.google.com/rss/articles/CBMiwwJBVV95cUxNakd6cjhGczNOclhqdEVuZTN0QlhiVXA1enY5VmtOQ2Q3WUdPZkczUlBBX0ExR01BWEgta3lqSnVpVWdoRGdNQ3RhQ2ZFT0cydWpVdnVfcUZiblhQSnB0X01XSGd0VnQ3MFJ1Z3JKSmxOOUlMLXMzSVJpcUtYR1BfZE9Bbnh1emxWSk9ZcGg4b0hxaFVCbGdSeW5MUHZBQ2NRTWNFQkMtS1ZHNnQyZUVSQ0pPa0U3QlpoMzR3MUVaX1BFdU41VFNBYlBJcjl6QmZFR2s1YWlVeXdNdmdMSzFiS0U0Q180RkpnbHlMbzc3QWdnNmxxVHh5cGZkUUdfcFByTGFTYkdFeGFMb05yenZuZUREUXhveV9waFViSW5tdE54MlJ5LTNFTzJkWGRXOGRhOXBXUl9FTEloV3p2Wnc4UGF1aw?oc=5,"Wed, 21 Aug 2024 07:00:00 GMT"
삼성전자 52주 최저가...증권사들 일제히 목표 주가 낮춰 - 조선일보,https://news.google.com/rss/articles/CBMigAFBVV95cUxOemlYUnMxZFdkU282UlEwTVp2OFFma0ctNldCN3kzN1RpYUtWa2Z6Nnp0Vm5KSU1udVMydHd1M2hFcEtvMUR4S09lUzBFQ0NRVjZLNGJ6eDBjb3VINXEwZEhKcHdqVDc0aXlJN00yekw3RFNPdjdLSldQM3pER2c3UNIBlAFBVV95cUxPSUJoVU5JbnhHXy10dVpUWFVTUlZBY0dxQUROZjc1MG92bTFFMmNOZF9lUGtpTWpYem40NmV0RGF3cnphaHB3ODBzVHI0WFBqSnY2eklRUzVXNkdka1ZHb0JCa3dNdXltSlVqUEFmd2g2d2p1N1dFQzNMd0NqSk8tX1RvdDZqRl9MbTVIUVk5NC1HTWJQ?oc=5,"Thu, 10 Oct 2024 01:55:05 GMT"
"삼성전자, 포브스 선정 ‘세계 최고의 직장’ 4년 연속 1위 - Samsung Newsroom Korea",https://news.google.com/rss/articles/CBMivwJBVV95cUxOeHo3LWN0Ni1pSzVvUlFQdnF2OHdPX2hVaFZEcV83eTlmM19CV2tYbGxYXzlYVmhNVmtaVWhDRjhHanpwWjFUc244X0ZQYmpCOGFRWVZ1MkIwRFFhT2pHTGc0S002LVdFM1MwVHdzTG1sZGx3NkQ5c1VFYWQ0Zmx4bGxHUnhPTTdMbEVoSHJtNllxdjgyQnRpYVBCNEhaVDNSbWVpbnhSNWhxdEZLVnlLV2NMaXVqOVlXYXdhckJ2YTlNZ1FPUzBIRkFjcnhMSXR1V2hLdFhWWjFqM3N0RDJDN2x4YWY3X3pHU0V4S0pqUEJaVHFQMERtakhWVVJRX1NiU0Fjend0dlVmWDM2LXZJLTNXRnVETWdBakZjZXJ5LWNJMDdSWnVzYjVxVFhjLWhRUENDMEpPRHlLZ2prdVZv?oc=5,"Wed, 11 Oct 2023 07:00:00 GMT"
"삼성전자서비스, ‘국내 우수 서비스 역량’ 해외로 전파 - Samsung Newsroom Korea",https://news.google.com/rss/articles/CBMixgJBVV95cUxQaWxyd1ZXZERwa1VrcGxjZ2l1VkRzOUdqZ2xVSGk5X3dQMklmb21tTmxUd2ViTXRDUDFlYVkwLXJTVjRIZjY1ZEFIX3RhNFU2MWJDOFJjRnNJakNTSS04VWo4ZHk4NFdXaUg3aUpEZXVMb25QZy1lVEx3aUJ0bFpERFJJdFRUSnppQkxZMVpPMkh0aGw3OGlkZHJuNk8xSlhFZmNDemU2UTA3MEo0bjFrUGNjdFVxMlRiamo3OGJIWGlJRE44TVR2S3hrMHZudUczTVB4bWRtbWdOeXdDZmdMTHUyZU02azJMTEVyMnhQYkZTT1ViREZxVUlnZ1BxV2FUMUE0QUo2N0hwVGtock1jVll0UGhEZDI0a0ltMWZCY01SOS1taEtkSUVXbEpfaGF6eVhUb3pFT0RadDdrTnNfUDNHdVR4QQ?oc=5,"Wed, 07 Aug 2024 07:00:00 GMT"
"삼성전자, 레드햇과 업계 최초 CXL 메모리 동작 검증 - Samsung Newsroom Korea",https://news.google.com/rss/articles/CBMiswJBVV95cUxNSWN5VzdsdFRqUUdmYTFNWDJmVW5KX0RrbThsM01SSFRONnpiNVdhaktJX19ZR0E3LXVrbUp3ejF6WGwyckw3ZG1KMnpsTF9qTHBBaDkxVWRZWTNNbFgxS2ZucEpmTXd4R1pRSklrMlBSbWxMakdNVEVBcEVBU3VWdVM2NVRNUnhGMF9NZGJKV0RYMWpZZjRRNUxWSTNXdDdTVWduWUN5YlBKaHJGUTl2Zlh3Ync4MGxEam8tRXBQLWN1OW1GRkVONDNxNnc1TGtnY3ZYUnNBU2hqRjBLUVNWMzY5RWNGM1BNZ1Q3aGg5M0U0WjU4THNhT25kYnAxOHpCNW5udk10bFFWZEhMUUlSdlZHWmEzVHZpRVhJeWc2aDhNbDR6OHZmSXZSaktTT3RqUUlz?oc=5,"Wed, 27 Dec 2023 08:00:00 GMT"
"“삼성전자, 엔비디아에 5세대 고대역폭메모리 공급 시작” - 한겨레",https://news.google.com/rss/articles/CBMiakFVX3lxTE9NdFZPUUhuQU5OMzh5Y1RUVjJUMG0xSms3SW1hMGxGWnRYbUZLN05WVGQ1QzRqak5oZEJ2LWlZSEJ3SzIxdWppcU0zMmo1UDlkMHZXejl5ZC1MX3htWmUzMHVkUjV5OGVrNkE?oc=5,"Wed, 04 Sep 2024 07:00:00 GMT"
"“세상과 소통하는 방식을 혁신하는 새로운 AI폰의 시작” 삼성전자, ‘갤럭시 S24’ 시리즈 공개 - Samsung Newsroom Korea",https://news.google.com/rss/articles/CBMivAJBVV95cUxOWkNlcXZ2UzJuWUVnUlgtMmRwUVNZUmFMZFRCUWhjUjZnYUFCM2ZDVUZISjdST3FZbGVWb2NBNXAxRk9aVVZ6VU1NX1BNOGVlaWV4SzBmQU1jWV9RcHZNa0Rocm84S0VEN2M0R3I4OVNYaURPYjVNaHVQNFNOVFh2XzlpUlFQeGhOUzFGZWdkTHFPMEIzbnc4WHNoSnZ2c1FIcW5WZTBKYjlUck5xcVpYWXhLOUY5ek40ajVpVUZRc0pBUFFraTJzOVFfY2hRQ29HY3hmN0NRbURKanVVWmNjZ2xTM1QyZmlzdjdSY2FGOFFwdVJlemx6SDFPc0dFOUEyMkZfUl9icXpsM09uVW5VLUtuSWxPOWJUM3VDZmhSZTRlVGxFbnY4eFpNdl9jaU1sa2s4d3hOeUtwa1Zh?oc=5,"Thu, 18 Jan 2024 08:00:00 GMT"
고개 숙인 삼성…어닝쇼크에 반도체 수장 첫 ‘반성문’ - 한겨레,https://news.google.com/rss/articles/CBMiakFVX3lxTFBXX0YxTndHUFQ4ekdQV00wdzBJRFJxei0tTk9FWGNNR25CYkw2SG8tYm01b1d3SW9xQ0Z3a3UwcV9UeGRyVV84Mnl2MDVUSGhkUEhwY2pObkg1QWFYQmJfUGVWRHpIenRkbnc?oc=5,"Wed, 09 Oct 2024 06:23:00 GMT"
"삼성전자, 업계 최고 속도 LPDDR5X 개발 성공 - Samsung Newsroom Korea",https://news.google.com/rss/articles/CBMi-wFBVV95cUxOVTNMTnFXTjd6MnEwTFpmaUd5d2tfbDBNTHl6WWRlTGZOd1NQVEhsTUU0aUtxOXUzNXB3M3Bmb0FhYVZWUmRyTGdJX2FoRmpzNVpINExsbnU5Ul8wQWY1Y3dOb0pWQTdvcDNid1k5RTduRGQ4ekpwMW8yUUt2alYtUFJvLWdnUFlMNElGMWdKejU0SHFQYWE3MlVIS2lJNW5UVklxcHZDZDdpTExYRlhDUjN5QW8zNVlrRkVHMjFkSU5nd1ZyZU1hdTdWTjJFdFQwUmhDaEswZFlVSHJJTFBEelkycXpfUFZtRGdnUVNESTlXeDhXRVJBY2xTdw?oc=5,"Wed, 17 Apr 2024 07:00:00 GMT"
삼성전자 ‘어닝 쇼크’ 현실로…3분기 영업이익 9.1조에 그쳐 - 한겨레,https://news.google.com/rss/articles/CBMiakFVX3lxTE9CQm5qYWZrc0tGZDZ1bjE0djFXM0dPbFdXT0Nvd3lKTHRqVHdpajNDdmgybkJweG9mdDFXU1lLbDhMS1N5QklVTEJic3A4VW5ESm40VlJyRG9pYnhaWDdqUXFzLTBjbmZDMlE?oc=5,"Wed, 09 Oct 2024 06:24:00 GMT"
[CES 2024] AI 혁신 총집합! 삼성전자 전시관 한눈에 보기 - Samsung Newsroom Korea,https://news.google.com/rss/articles/CBMipAJBVV95cUxNQ2M5eFJCWjFGWWdQNHgzamNfbjE5alF3SW1GZk82RzJ5eVVqLVlIaHdMNTZ1eUVtcWtiTXlwU0lERmJ6bDdaZm9mTnpQY0haNDRPWk9NcmZLZ2pTUmNlWEZrUmM5OG9yVzdjS1ZQdnFRNktYeEpDX0dSdjNMZEgyZnNJUWMyMjVjVm5NSEVCXzhuS3NtWms0SmMtYlF4a0FDZUxvVjdselQ0Q1U4emw0NEJlU1pGUzR5UU5lMUFXeVI1cXQzSkpKYWt6VkFsWGkwWVhta3IyVFM5Z3BHMHVoRGY1LTdnX25sVXpiZ1NUb3lRX3hYeG1VVE1wWGdrQkFpb1RRSUFDQjhsWmFJOW4yU0ZRNS1VUlpMazJaU2FyUE05cDMz?oc=5,"Wed, 10 Jan 2024 08:00:00 GMT"
"삼성전자, ‘제10회 대학생 프로그래밍 경진대회’ 참가자 모집 - Samsung Newsroom Korea",https://news.google.com/rss/articles/CBMivAJBVV95cUxOb0doempxcnF1Vl9lenIzd1gzTXVMOE02NVQwNGVOU0lZQU9QSkdBOHJ3cUNkRERUcWIyTGlMM2VMSDNQWnNKVTh4b2ZwSmZmdXJBTlNnQS0xUGlBNlN3aDRONzBtZkZZWFg1SF8wcm4xb1RBRVYwUmpRRkZVOE5LQzltTWM3Z0UzQjRYTDBpU1ZCRnpYZzJTWWlKRGFjeEoyYkNWQk9jR3VPREhYcG9CODYyMlNlaHFMU3J1STYyYktzX3Vkd0c0S0tjemRkMU1VclBwMGJYZk1fUVdIaGc2OXg3TXFxZzlIM29TZlVXajNMRlVwUGJTdGFpcjlxeFUtN0IxUFZuNHVkTGtSczBlb1hDU05BcEZEVWI2MGdKeGdVaW1XYzNQTVNCV05KOFVrRGNtOUwwRktzZGVi?oc=5,"Tue, 04 Jun 2024 07:00:00 GMT"
"삼성전자, ‘비스포크 냉장고’ 신제품 출시 - Samsung Newsroom Korea",https://news.google.com/rss/articles/CBMihwJBVV95cUxPMkxiY2RrR0JCYmF0LXZRa084TklISXA1N005Z2Q0OTVzU0JQbjRvR1VrSkltZUhNZUpfblZ2Q3BHUkR1eGszWl9QRVZKb1pyTkMzcXFiQVB1SWE5T3g5ZlV5OE43cWg0eDh0OUZfUGN0TmZWTVlWUkRMWHlzNFJTZF9FQTNoS1R0dlI1V0tNNUZ0eHR0WEpZT28tU0Noc3ltSTlUVExrUXVNZ0JTT0JmbmJOWXJUSVMtYXJ6b0lrVThsN1hsa0JfaFc5X2FXOWhLTjVKZ2IydmNhek1yUlFTV1EtaDRlallMUjN6ZWRkbVQ5bUx3UF81eEI4dHZZbXFXY0tRaUt1Yw?oc=5,"Thu, 14 Mar 2024 07:00:00 GMT"
삼성 파운드리 포럼과 SAFE™ 포럼 2024 | 삼성반도체 - Samsung Semiconductor,https://news.google.com/rss/articles/CBMia0FVX3lxTE5oMkRWOC12aHVhZmhka1FTMVdBYU5yVGxUOXE2YVQ0SnppSzB1ZHZsOFA3OXMzU0hiRVhsUGtvX0FrMnRza3V5NHBlUk44cTlwUjBUNWM1QlJqM2JUblZPRl9QX3l1NXUxWTZz?oc=5,"Wed, 24 Apr 2024 00:37:45 GMT"
"삼성전자, 트렉 바이시클과 함께 ‘울트라 라이딩 챌린지’ 진행 - Samsung Newsroom Korea",https://news.google.com/rss/articles/CBMixgJBVV95cUxObmlYMlV6czVVTTBkUF93RjlmMXZtMWZsSVVKLU9UWU1ZMVJKR1pVamVPWlNMLURHNkdTbEI5bS1NQ2ROczFoSHZnSV9qRDVfMzZ0ZzIyNnpBYkx3RW1xbFp5YnJiS1JwdXBEV0JwNFJRQzlkaTg4alUyZmJOcmZYRGRmYzhsaGw2cVlFTE5vZmRKQ241ZkwzVjRZYmZVeE1Yek5BRUNrRmluNl9EdmNYaFdMYU9VMnBDaHVaSkZJQV9ZMFBxOEQtc3BnQXFaVjZReUlSOXlnYjBOQ3lPWXZhdlktSVktVlZZbVJYZHh6cHN2XzJEN2RGdW0yalVUYW5IRXRUaDN6XzR3UjRmbjZMWkV0WER6MWgyQlNUUEx5UTRXM1BTTl8xUV81VlcwMTRUU2p3d1R5UEZoNVdFbDluVWs2RFU0dw?oc=5,"Tue, 13 Aug 2024 07:00:00 GMT"
"삼성전자, ‘2024년 상생협력 DAY’ 개최 - Samsung Newsroom Korea",https://news.google.com/rss/articles/CBMi1AFBVV95cUxQZXN2Q3Brd3B0N2UzYW5VdWJXZjRuVl84WDEtRXRNc2NHbmRJT0hqXy1JMC1ROGR6OE1DdTJWRmtfYnNxT01uZUdWNzZvZEFYZ3hCdlBpT04wTjRBb0xESkVnX3VNNTJwZ0dhaDU4Z01TaGUxVWRrSW1qUlJwVEhmaVV1c3M1UF9ZZ2VzWXhYM1Utb2VhVTc3Z1VuZnRJNU81RnNoc3NzRGZzOHpzRkFQT1dvQkpVMHBxQXRIMEJWdms3YzBkRVBTOTZkSEh4Zm1oeVROTQ?oc=5,"Thu, 28 Mar 2024 07:00:00 GMT"
삼성전자-Arm 협력 확대로 GAA 공정 기술 경쟁력 고도화 - Samsung Newsroom Korea,https://news.google.com/rss/articles/CBMiuAJBVV95cUxQb0R4MWRGLV9VV05jZFJidXpVSzZ1UGxrd0M1WHgxOWNUUENuX2o1bDRPR1ItQnpVQjNiMllmbnR2RjltT3VrbUtZYXBfa2NSdTZDMFpzMDRuRUxrZUtZWXhRTUg1dXdQeXV0Yi1ZYmNIQml1QWwxQm83Vmt1emwzR28wWjB2NkF6a095U0R1UkoxTXJ6Ml9Ha0lOUVJXMVYzU0ZMQnV5LUcxdmlyRmJycFBySm93VWpJNW9hOWZIOWg5X1cxdWdScmpGZHZSeGxvZlRMS0xWOVVqSVY2VEZuajJyOTVQaTltZmZaWHZXUkt2ZGlzcHhuN0x6UVR6eFFzRDh5clM0ZjdKVUthRW1IUTlnSnJabTRseG5TZ2J1X2FEekxwbHgtUlNHTzJIck1TZkVyVkpCTi0?oc=5,"Wed, 21 Feb 2024 08:00:00 GMT"
"삼성전자, ‘IFA 2024’서 비스포크 정수기 ‘브루어 키트’ 신제품 공개 - Samsung Newsroom Korea",https://news.google.com/rss/articles/CBMiuAJBVV95cUxQRllLbjVjTTlxZG1SUkFLVGNyeEFhRWFSSjJiQ1E3TEF5WUNDQWFqWGhQLU5vZU9vQWc0ZldQSmppU1UwMklnQ2g5c252U3ExR2tldk9yZGM5MlFIdHh3MWkxeERldjlxVE54Qkt4MnF1ZTloYlJLQmh4OUJTbkRReEo5YlhLbVJsanZ3VkVCTXlrdnJaeGgwUFVEVnpmREVxeFRULWtnWjluX0J3ZXNpaHplOG5aZjVCeEVuZHlaZWZ3ZHhiSUd2VVRmX0RJZkN2Z1pVTDJjSzBNQXZnWW1weHZSUmFzRWZ5c0tlQ2tSUEptc09vdjVObnIwSUVsa0UxczhkaVZZUEtKRGxqQlpETjFWUGlDbHRDZDFLTzNNZ2E4RUlfTWF6N2dUMW9HdGlURXV6Z3MyZnE?oc=5,"Sun, 01 Sep 2024 07:00:00 GMT"
"AI 시스템에 활용될 삼성전자 반도체의 최신 메모리 솔루션, MemCon 2023에서 선보이다 - Samsung Semiconductor",https://news.google.com/rss/articles/CBMi6gFBVV95cUxPMWtrSjJSZ1RhNTlkMnRXYkZ3UVpnT1VBZGd6bjRRakdkRFhCcmstR1NSOUhEYm94UTlTSUlTcFRVR3ZqcVVhZEl3Y3k5ZEFmRnN5VHpYRFg5WUJBWDJsVXRUNTRJMHNTU3BOaEZJVnlmNTJiQ29ISzRaZlhiWnFkcTMwc2lDT3cwVVRqUkJlWko4Z1Ewb3FqUnEyUXhaa0UxdWhwTUdmRS1GTzU4Zy1vRV9ZTnNpV3U2dWZETEwtNGNOR0N3T1JySkpobkU2blJwX01BR3I1bThDVU9hQVA4ZUtCX3JaSmxBYXc?oc=5,"Wed, 29 Mar 2023 07:00:00 GMT"
[초대장] 삼성 갤럭시 언팩 (Galaxy Unpacked 2024: Galaxy AI is Here) - Samsung Newsroom Korea,https://news.google.com/rss/articles/CBMi8gFBVV95cUxOSTVUYlV5TVJ2RlQ0d3E0cVNwYlM4aU9uUnJZSjFZZ3dSZWJUdE9CWVhLVWp5Smw5ckUzY3k1eTNQXzdjQmE2UFRCNU5SbDFpMEMwR0tjUUZlTDZtbldVam0wbEtlcE1GZmNLaUNEWWlXSXc2eDg5TDJRdlkwM25lTHM3eXZJNS1vR2REcnFVakNxQ2MzNFFFdlQ4WndFTXFDV09HN1ZQRUMwdV96WXhuNW1KbkIzWjJoYVh4RmRzVm1LUDJCN0d6OHYtVDFOcEJtMXR5Q0xRM3JiWm9WM2cyTzRldnVHOWk0X1p2R0lnMDk4dw?oc=5,"Wed, 26 Jun 2024 07:00:00 GMT"
"삼성전자 반도체, ‘SEDEX 2022’에서 미래 반도체 기술과 친환경 성과를 선보이다 - Samsung Semiconductor",https://news.google.com/rss/articles/CBMieEFVX3lxTFB0c253akl5NVF4bHVCeGVoaERsZ2szYmZjTnZwWmlqcFhxc3pyaERCOGttcE96eGFwaDFhR2Z3S3J5b3RPc2JuQnBONWVPOFN3OW9UUlpoY2VhaGt6SjNDOTFsbzA1Q3JHZjJiZEFLczBWYWs3QUpITQ?oc=5,"Fri, 21 Oct 2022 07:00:00 GMT"
"삼성전자, 미국 실리콘밸리서 ‘삼성 시스템 LSI테크 데이 2023’ 개최 - Samsung Newsroom Korea",https://news.google.com/rss/articles/CBMivgJBVV95cUxPUTltX0VoeDJfM0dZb2VfM0MyOEtRSDd6X25nZWFoRm4wY1M4SWdkREF2d1ZOdk4xT0ZpQjRsVlEtTUJXTnFtZHBRTEpDMV95LUVGMldYS3ZKQUZBOVdSRGNXc1R6djRMRlBDVUhTcWY4eGd5Zk5YMUtfR1pLQlpla21XNWZ4VVNlOFVOc0wxYW12S2FMSWstZWlITXBKREYxa0FSeHdKaG5BbnVoMTJCRm1NZTJ1aFdtaWFFWkVyUUNKRElFaEFTQXJyUXJEMlFiRl9BYzJILThPRkI2WnVfMVdGaVQ0TFpVUlhCV0lIZE5HRXRiTWVhdk9KXzk4WmNfQ0NoUXlnWjMzYmFHelp1Wm5BT0JMUXdDR1AyUDhvU2tkMmd3U3A3aTU5N3I0ZndlS1ViZ0RQazVHZENzX0E?oc=5,"Fri, 06 Oct 2023 07:00:00 GMT"
"삼성전자, ‘세계 접근성 인식의 날’ 맞아 기념 페스티벌 - Samsung Newsroom Korea",https://news.google.com/rss/articles/CBMiuwJBVV95cUxQNUhzSFVxMUlVTGVmLWdSMGdPcDU5Y2t0VzZJWDNwVWtBOEw3NEpLUE9jZ1Z3SzdaVGJvQ3hCN3JRSndUYnJYOERfQWtPMlpvUGt5SENMNzBmc3lnY3hzWDQ2TGh5eUNaWnozMldLS3MyNVhTNmc1ZmE2cTdtWFFzMFJzOTJYT3hOZEpseGFzMTBFNldwVGZaOUwzb1hNZzk4V3RVTEdUMXZMWS05YV9ZZ0ZkeDMxY3ZLVW9yWk5uUjFEMDF0ZTNFVzZKTmhJcktDTVQ4Ujd3aFdNM2s4cjRDaFBiNkVLUGt6RnpMcGNJdzZRMDk1TGJqODNrcWVLeHVESzE2WUdhWkFJeEwxTGR4dlpXSzdOZnpWckgtQl96dklKMEE2LUl6d3NyWHFncC0waHJWeURXcVhWZXM?oc=5,"Thu, 16 May 2024 07:00:00 GMT"
"삼성전자, 미국 실리콘밸리서 ‘삼성 메모리 테크 데이 2023’ 개최 - Samsung Newsroom Korea",https://news.google.com/rss/articles/CBMiyAJBVV95cUxPQVVyOUFfMnBCTTVaUGJqRXo1b3BYUmVRWnU3SVpfb0R6M2RiRTdha3dvR1g5bnFHRk9KMmV0MHhzMlktbEIxdlhwZFhlZnUwT3dQU25VQ0hNZ0FjZ0E3SW1NNlBiOHRBc1BfdVhWT3lHRVZWaS1SMlVaczU5SHh3YmtLanhLUEJIX2JCSm9TclBQLWlfVzRRMGh6TmJrelUzbzhlS0lxM09uWWEwamI1c3E4M3J1eXhLeF9FRHFwVnJhRUtDZkphNXNCcHlJcUpGenVPdXZIdlFXUThUanJrN1AwVHJkOGJWeHk0RHY0cDlMLXdjUzJOeldFYXNMNmNubDA2RlZ3UGExUUI4YTgxdmR2czctR043ZEw1OENKQWhRc01GeDA1WmU0OVJUUW9OaVdZYXVFNWxHYTMwbTRVNEpBR1NaT1F6?oc=5,"Sat, 21 Oct 2023 07:00:00 GMT"
로이터 “삼성전자 인력 구조조정…해외 사업장 최대 30% 감원” - 경향신문,https://news.google.com/rss/articles/CBMid0FVX3lxTE5mV3JVbTNhM0lNa2Z1elVHOWdOTmYzVkxGd2JEV1FWYW4yRHZJV0E5Z2xHeENxZnYyV1c0cTVPdWdyd0dMMWxIQkNHQzd4bmQ3RlM1NjlhNnVmV0RoNzg5MnlhSXJma2NhSG1sT1NLRkNWdkxuQmV30gF8QVVfeXFMT2pNamNSLUZpTG0yUTZTbk92eDcxSXNZR0g1LTRLOTBjbVJjRlNjNk43NU14NG1ZdllEY0FOaFNXMFQ1TU1IOEMyMkVNMU1Md3AwTWJjSlhKRFJPaFQwUHlsZ3JWMVZySHZwV3NDZGNrSzRQNmkyaERORm1PVg?oc=5,"Thu, 12 Sep 2024 07:00:00 GMT"
"삼성전자, 제55기 정기 주주총회 개최 - Samsung Newsroom Korea",https://news.google.com/rss/articles/CBMi8gFBVV95cUxOQ21lZlZMQktfRmJkUHNROU5iYkM3OV9UeG81SExoUGRBd0V2RXc5V1FsZFp0Ym1uU2NtZEFsa1JiX3h5TUQ4X2V5NFdLdWdva2cxQ0lvcU1ndjNrSHR5cU5rV1JlZVlqaGY3d1pPaXVsekU1SGVJVVIwY3NSS19LN28tRXFHRGVSZ2RvUEU0eHFrS3JMVl9BY2c0VEJjYTEwaWJiRmZSTWktbVpjNU9RaXNiMlFPdjRiMGhoZXdGZnBxdjNzTlgwbmp6VEMyWlloVG0tTTFWS2hFUXliMWt2UnpxNXFhalpBdHFPX3JyX0dWdw?oc=5,"Wed, 20 Mar 2024 07:00:00 GMT"
"삼성전자, 차세대 상업용 디스플레이 ‘더 월’ 신제품 출시 - Samsung Newsroom Korea",https://news.google.com/rss/articles/CBMirgJBVV95cUxNSzFxbHc4ay04Rjh0MjJRSlR4bXlzdlpZU2w1REVxQzJNNThteHZLaWdsaGg3OUxJS1lGR1hXOHBBdHhaMnFjMWtUclRIRmZ1QmhCdUE4X19aQnIyQXQtdHBKT3dJbDVrUVNXYjdPTEdjaEtIcG1vUjNGb2ZTcGdVWUFvVWlQdkIyS2hleHNLVFB2VVQ3YjhPbWdjX1dWS0JBZ1JfNmFuTVZ2djRIcHNVRG9fQkFRcWtVc0Q3empHTkpKdTZEYndSZjEwa3E5LVQ4VWRPRHhHcGpjSnpEUzlxWnBhTEp3QmpHVnhFZDRhRWxldm9SeFhJSEg2eWhFVElOU2NkNXY3Y1RqTzFHZFdsUmt5d2pGVzliWmJMRmp4MzNUVVBLVFViOUc2V3FIUQ?oc=5,"Mon, 19 Jul 2021 07:00:00 GMT"
"삼성전자, 2024 파리 올림픽 체험관 오픈 - Samsung Newsroom Korea",https://news.google.com/rss/articles/CBMi9gFBVV95cUxORmtvM0ZrcTR0U056YTIxUUxNMklTQWhPQUxVSEFPdWpoSF9oWUEtMnU3b3NhXy1iZTZNdFotMV82RHBqZURFR1dzbWIxNEZDNlBrX29LdkRqWERQUndrQlFhbEJfalIwY24xZnRsZkl3d21WLVRxV0JLMmN2Rmo5ZGxLTjVKTl92emxHSEx0TElQU1dhazBMTnpmeG5zRGxjOFpNaEV4MkVmMUpFVGlGNDFLeUpERk9SWGk5WlpYM05DS29aTXhxbnBlWVNPVzJtNWVDeXpRcHA0TjNnVmVacl85MmttMzZVSF9zb29mRzJuTkdHZGc?oc=5,"Tue, 30 Apr 2024 07:00:00 GMT"
"삼성전자 가전, 美 JD파워 고객 만족도 평가서 최다 1위 - Samsung Newsroom Korea",https://news.google.com/rss/articles/CBMiwAJBVV95cUxOaTZRMmdJNlViRUVKUTJ5YkNLN2dwZTFLRjBSejBxaklwSUNXeTVZdjNBY0FXWG1kSG8zMnVnSnhUa0ExX2l2VWpyWVBZNXNQdmRiajlnWDQtcTJWLWlRQTg5X2prSEluRExHcTRRM05HLXZTSk9jN2s4WWVTNllqRTZCSGIwdno5YmZlNzBNS2xhT2ltZHpNT2pDVVJEV2hEeHM4Y1EyczJQSUdxNUxtWGtoNVJJZEQzZ3hONlhVWkctR0RTRE85SXZMcWFpbnJOM3BGX0VLVjJCRzZpeVJ1ODRJMTNsWlVzSFlzVU5QZ1FxbTljWTROMzFwRlgyM19fdTJidUxOMlotWHlha0s1bWgzZjVoUnp3ZmRjSlZuWFRRQlNYZlhVbEwzbmJVdF9acGV4dVZ1WnJ2WlM0WXZ6Yw?oc=5,"Fri, 19 Jul 2024 07:00:00 GMT"
"“삼성전자, 4세대 HBM 엔비디아 테스트 통과…5세대는 아직” - 한겨레",https://news.google.com/rss/articles/CBMiggFBVV95cUxQRTZYN1c4M0k4d1ROWVVQN0ZsZy1xV1MxZVBTRlppX1JxeFduWEpUcnkwZTJvSzh6MTd6Vk1wUHNsSWxRazNvOUxnc2lyU3YyZ1NJOGxSSWhQTDhwZFozazlyM3FPWFFWUVhRYlJJdl9WQm9ZdmNBX0plOWdNdkhvVWhn?oc=5,"Wed, 24 Jul 2024 07:00:00 GMT"
"삼성전자, 게임스컴에서 크래프톤과 ‘다크앤다커 모바일’ 기술 워크숍 진행 - Samsung Newsroom Korea",https://news.google.com/rss/articles/CBMitgJBVV95cUxNd2tMZDhwR1NNUHptcWg4eUdDRkYxd1FYeW9sci05R2dBTzlvVmIyTG9uSVRzT29qcEdjSnpsblV2MFUzZU5RQklhTTR2TWdaUjZiUEV6TUI4VVdDaUlQX3kwRjVWZy1NQWp4dVNOVUNTcE9DcG5IbDVLNGptTmlLZDhIc3VGN3BHMHhXbWFfdjBqSklRMFlHM2E3WFRQS0k0V0JsR2RELTRSbV8zaml5MzhoR1BFNWhSTVU0Nk5xUGxqRk1VajVvcHphcVVHeW9zWnQwWGFHdVY4QnBjN2FDMW9tUjNJS2xPOHBTblFZYnNxb3NxTDhBUUFuOXFoMl9fS2NSZFBtS0k3NXlBU2tydzNQREMtX25iTXF1RlI3Yk9Fd21NQkdHalJWbUJ3ZGppcWFlSkp3?oc=5,"Tue, 27 Aug 2024 07:00:00 GMT"
"삼성전자, HCA 표준 기반 스마트 홈 생태계 확장 앞장 - Samsung Newsroom Korea",https://news.google.com/rss/articles/CBMitAJBVV95cUxNVXZ0MWZxMEJQd3lHUjB5OTBpZjNfRzRhWTV6Y1VVSXc2c2xNNEZNYnlBRTN1Ymdab0tNay1GX0NjRE9pdFJtOUJnTzFrUGVMZ05DRmNWX3dNNkZFX09remVkcXF5alVSMklqX05tTW5LYTYtVVhqOGRLeWtXYk1Zb2htMFBwNzJ0SW9IdzNXMlp6emJBbk8wX2pZQkVwSlE2bFk1OGxLQWhBbUFGYkp1SHhGcS0wWDhSR3dORE12M2xwVDFWdGRjQlBTQVlndnhZalc1dXpJQTVBdjd0VFRWcVdQNWlnZ2pmV205VmhtYjZlNjN1V3JURk93OHZjYmpsS2tINXc0WmNpZVJTUEstSEJja1dGaVc2bXV2djdJYTJrWnM4dXhqWTU0R24tTG5vMkoyNA?oc=5,"Tue, 29 Aug 2023 07:00:00 GMT"
"삼성전자, ‘스마트 아파트 솔루션’으로 AI B2B 스마트홈 강화 - Samsung Newsroom Korea",https://news.google.com/rss/articles/CBMiwgJBVV95cUxNU2trUzdyN2luUnFabVpZSTFlZEZqQ1cwUzVDNnM0alY1X2xtbVNNUnBrcmlra3k0YmF0ODBiTmNwY3pDMnZ3LWxXOV9fbXVtOWJ4N0FCZXFaRHEzYjJSdlRRcWJiNkowNG1aYU5HMlVoLWRtSERkeDBsemNiUTZuNFBHQnNxbTk4UDNZeU1QWS1ON3dhZ29JTGlDM2s2b3I0UndiQm1iU0k1alRKODA1Z0F5RzJwbXBPb3dKNDdKd1BZSGw2bWhqNjg4bEVRYTRZUTJ3MC1SLWpxMGJ2Y0RwVXZQdkxUc0g5MGRTaHVjSFN2eFZ0Zm1iVVVpZkoxZ01HSmJ6b0NrdUdtNG5hanJtZXZ2QXdqX2tyMWdtVmtLSnMwaklDRTF5N0tYZUVpQVdsemRYa1JoVmRCc1dmU0JPam13?oc=5,"Mon, 22 Jul 2024 07:00:00 GMT"
"삼성전자, 업계 최초 '레드햇 인증 CXL 인프라' 구축 - Samsung Semiconductor",https://news.google.com/rss/articles/CBMi9AFBVV95cUxNM3NjUnlBOW1wX1M0SFloM3FuOGExQVR4VTVFUDVEYWNrcHJPXzNEcWJVck5JX3hLaHRPa054TkZhcXYxYmtJMGVzejY2WGVURE4yX1VUbm10Q3ExLXRnZlZmcDlCcUtPQkJtd1gxaUVVUFZUVlF5ay1NUjRsODY3b0hkZE56YnVjZ2FyRkNpQlZMNWhRTDd0dWUweWs3ell1Q3oxVU9yc01BanZYcE9OQmVoVUg4cjJJcHY3V0plTUVFMDNCM3VRR1pNOUdBUkx3T3RnbkdHcWZXWkR5blY1MC1Tc01JODhXSUtPOWRrZjdpTU15?oc=5,"Tue, 25 Jun 2024 07:00:00 GMT"
"삼성전자, ‘근골격계 질환’ 근절 나섰다 - Samsung Newsroom Korea",https://news.google.com/rss/articles/CBMi-wFBVV95cUxQMkJ1TDRZZFdJcTlVLUNuS080Vzl3YVYtWlcxdmk5N2szejBfdzUtMWRGdzltNEViczZXN3ZKeVlyUUhkSzVjN19VSktqNDBhWGVNem9SRmhxd0lWZFNVdWZJNTNzZkZhTHY0cHZDNGV6REFaUy10M3ZrTjRGbUw3aS1kNlZIbWVtdEE1WjBCb0pYUHltMDFteDZUeEdqSzNBQzRNa1BQQnVRRDhSd2hCc2Z2ejc1TFpfanFlS045SjQzcVZXejhsNWF3ZHB3Q0xzYnpZYS1pR3BxeW5JR0VKQmVBYTAwTE1yRFo3bmp2clJNV25aNHZnNGZrbw?oc=5,"Sun, 08 Sep 2024 07:00:00 GMT"
"삼성전자, CES 2024서 AI 시대를 여는 혁신적 기술과 제품 대거 선보여 - Samsung Newsroom Korea",https://news.google.com/rss/articles/CBMiygJBVV95cUxNNVJtQ1BFQUxxNFFMUkpzN1VzcmZ0OUpXMnMtUGN0Nm5DMldmamZPQ19PWnlic0FUd0tlaElUaGVXdnVuUEh4TWdQLWhfZVg2cWxTTW9qXzFWd3RSQVFTT2YzWmxVbHZFTFJ1aVkzS0NPbExfR2NxWnpFbEk0bTZSSFo0eG04a1Z6Zld3V290eWJHdGx1OGxpMVJWVWRnQnlMaWlQVVRFUkRCdVZXU2FzU09XTnk3NURLaFBtUVNjUW1NNHdURl94eWxBcS1DODZBLS0wY3l4U3pnbThibkhYVEl5OGxXVmVtYVNUcjdBRnFmdS05MEljOVNZYktMRWhUSG5faWZOMjhnVS0tNy1kNU9qTmV3VWJxaExVUy1yaTc2Y2MxZjl3WlYxSTJ0TVlvd3doVDBlbFpvQkxZYzlDRHVZWE1HeXZXS2c?oc=5,"Mon, 08 Jan 2024 08:00:00 GMT"
2023년 소비자의 곁에서 함께한 삼성전자 반도체의 혁신 - Samsung Semiconductor,https://news.google.com/rss/articles/CBMirgFBVV95cUxPVUlPd0I5QkpsUXlKa0Jfb1NRTndJS1ZHVkVmRXhDNWZjeVJmWG1QVHRDaU1zaEpXb2hmUlg0dEtqOU9vZjF1eHFHUkwtNUt1M0dTbGkydDNIMkhlaV91NnNNMGZVcmM2amdtOGhFZ0w2VnRFZW5PUEw1UV82aGF2YmJSZ3U4akxNR0oyV0hjWGNsVGZrM0U0Q1BCSDc3aWxERTVZY1ZpNndLZ2NmNXc?oc=5,"Fri, 29 Dec 2023 08:00:00 GMT"
"삼성전자, 신규 5G 네트워크 솔루션 대거 공개 - Samsung Newsroom Korea",https://news.google.com/rss/articles/CBMimAJBVV95cUxQXzZmdUNvWmphenlURlJoaHJYYWxMUENLQVp1V3dhVEpDQzlPQ0JwZmZ5R1owaUt4QmFrVU5CbjNyY180LWRubTRhbktYbE80R3ZzTEp1a3JHZjNUazFXaHVDTlNkaGxhd1BGRlJPWGNwYTNRZ3JDbDZ6eVZyaWxBYzUwcVp6UHRnTlI0YmZqMl9uWkFmbEI0MlBpdjhnVkdpaFowbENTckdoT3YxYTQxWDMxZjJ6NWFjU1VEcUVrUXdFdWF3aUZJaFZhc0NGWXFFN3BScncwd1dsaEdOXzV5LV9WRjVjZVlaYmhCbnc5RGZuZDc2d0s1aVFuenotREYtNjZlY3QtbVZYUEVqYVdCMkF5NUliakIx?oc=5,"Tue, 22 Jun 2021 07:00:00 GMT"
"[단독] 삼성전자, 파운드리 생산라인 줄줄이 ‘셧다운’… 설비투자도 보류 - 조선비즈 - 조선비즈",https://news.google.com/rss/articles/CBMiggFBVV95cUxPMGFCbE9iMHEtUk1UMnFSbVAwVEYxYXRjaDFoS2N3bWtkbFprWnVQa3c3YjBpRm1kSG9LMTkxQlJKSUczV1NnQXhPSXlIQXh4NE5wZEtOV2hWV3NEQWNTaE5VX2xycmg1NDhpZG5tWXdFbnBLNldHTGVLWFprenM3LWxR0gGWAUFVX3lxTE1lN0RrMGwtOVI3WlRJSmpWUWlNMDVIbXV1Ulh6YTdIb3d5ZDkyVTZrTVQxekloT1ZuRTlHUkUzRWI2ckhiNHh0aGl2OXhmSnYzNmpST3VzX2tQS2Y3RFUxLWNUc2RDemlLVHdKekFRQkhrMFVXNXFuZy1XSnJoNzJiYWR1eGF5OUdRNHFNYmhXYzFRcEF0Zw?oc=5,"Fri, 27 Sep 2024 07:00:00 GMT"
"리모컨이 필요 없는 세상, 삼성전자 에어컨이 앞당긴다 - Samsung Newsroom Korea",https://news.google.com/rss/articles/CBMixAJBVV95cUxPTkhJWkZ2d2NqWkVwYklxVm92Vk5OaWQ1X3UzN3VEWXJDanlvUHJJRUM5Y1liaG5PT19EM1Rod3lWcUN4cDVDVXJ4SldiZXhDTElzZ3F4Qi0zQk1MOWxSU2swQlZHdENsZzk1a1d5am1zWmxZM2tkcldzTUM4RjZ4NF96X21EOFpsME4zcmVGM1pWSFZrVnE3QUhqaUpVQTJfWlJGUm9scTNFVElXUTQ0Zk5VbktQbm55N1JlWVZlSHBEbktxeFdRTlAtUmF5b0h6SUlMYzQyODlKMlFsbjlhT3dyYlp3cm1LVjhhV3dNdGp2ODVxNlNVaGxDdGxtS191eEJCbFpRSzFVWktuTk5VX0VXRk1keXdYSGdqWThQWm1ZVWJfRkJ4bFdqZFNhQnhZSGhQRFB1eEd3ZXNSUFdIeElaT28?oc=5,"Sun, 25 Aug 2024 07:00:00 GMT"
"[SAFE 포럼 2023] 삼성전자 파운드리사업부, 혁신의 속도를 가속화하다 - Samsung Semiconductor",https://news.google.com/rss/articles/CBMisAFBVV95cUxQam1pcHBVVjh4Qm5aWnJuekd4UGgxdVhJZ1VYZ0xHNnlONEJMVTFxb2tEQnBZbS1GWEw5QnNPQ1pQaC1zUGZOeUUydklwXzE5c3lmcDVqVjJUZVBjemwwdWUwSzhsUF9lTmdNNjdJTnJQdnBGUUtNLXdoUmVwUUVjOEhGbFJxSE1zck41VGlCQzhBRGIxY1hwSTRjZW1pQkdXaFhQV1FDX0pMN19RY3RFSw?oc=5,"Tue, 19 Dec 2023 08:00:00 GMT"
"[IFA 2024] 삼성전자, 프레스 컨퍼런스에서 ‘모두를 위한 AI(AI for All)’ 비전 강조 - Samsung Newsroom Korea",https://news.google.com/rss/articles/CBMiuwJBVV95cUxPdHNpbzdneGxlZjc1UTJfZHVKVXBZUkVTNnF3N2lfV0hBMF9xQnNyenZab1FyQnAyUmJ0TEFMbnpoTGFCSHVISko1ZGVRcnlEZmx1bDAzc080VlRWYUplZVU0dTluamxqeHhUUHNxamZaNy1yQkstRWUwN3VMajJHRHZXWXlJR0VEWWtoVjRnLVY4cC1TQVJLRjFfSG9iX3ZnRmpWbVpFb0MxYkEzVDh6eVFTQW9VWEVFVWkxZ3hsNDJzckUwNHM5aHZFRk5PVWpwTUFnUnJuUmpxZUdtYWNPSEFxWHNCeUtENjk0dE9NLUVKanRPeld5R0Y4eC16cUlTbWMtZTg1bGFRVFoyd1VDZzZYR3Y5UEZrT3JQTUxoM1d1MEg3eGtpX0JWRF9HOWs0bzl6amcyYjhsR0k?oc=5,"Fri, 06 Sep 2024 07:00:00 GMT"
"삼성전자 SAIT, ‘인공지능/컴퓨터공학 챌린지 2024’ 개최 - Samsung Newsroom Korea",https://news.google.com/rss/articles/CBMirAJBVV95cUxOeGNfSTZzM004c2dVODVwaFpGd1plbzhFeFZleHRKeFBPVFNHUGNzQ0xJNTN0ZEhsb28wYm9yRWVGb1IyZXpzZjNhMXB5VkZ5UDN3b2hLdEl6OWx6SDFNN2JDbXhtT1pPcllkV1F1dUNRdTRoSlllVlN4b0RJeGh2YlptbVFjRlRKbkpVckp6OW5va3AxRnM4aHJtRHVSaDBRVDdyWjI0TkVWM21xN3BGUW56TVJHM0hxbmR6TklRRUNLZUJneTdrVkREWXFra1lrbjFoYmpMSUVPVmtzX2lKQ1VBSlhTY0NJS1lwc2xtOWhEdS1RRDlqUUlsVi1CT0k3OXVjMW16bG1TeDRDU2huWGZJWmo4dGNlWTJRR3hfNXhYT3AtWXVTVmVIdE0?oc=5,"Mon, 29 Jul 2024 07:00:00 GMT"
"삼성전자, 국내 최초 갤럭시 Z 폴드6∙Z 플립6 ‘드론 배송 서비스’ 시행 - Samsung Newsroom Korea",https://news.google.com/rss/articles/CBMiwgJBVV95cUxOaGtwV21leURneEJiUjdSZ3YzRDRWZENVbHB6Y19CZ2ZfVnVnUGgwcXdJYnd4QWpHVlVfRHloNDZyUGRTRUJ5bk9sMUNadE4yYUkzWFptU1B1XzhoYmtsRXlDWWhXdDZlVlgybmZiY0ctb2RKMUo1bnUwS3BabVhqaUV2MV83a1VHTkd0dnM5MnlrRTFDa0lmcmNOTmVzTUVCa2F3OS1QNVpRd29YZnJ3aGhPb1JrN3l2T3ZQNTVfUVV5NUh3WHQwLXBsYnpwc25LaFBOWmxwTUk4Q0tnQk9pQkFHODZmVDROMFg5ZllWaHFfZkh3TldmRDVGdmJmb1FNdU16bGRGWS14clZzTlF4RTg4RjM5M092N2c3bnJHNmFFVGZwLUtvRTRWSWJWMlhCcUU5Y0w2eGg3TDkwQU96a0hB?oc=5,"Tue, 16 Jul 2024 07:00:00 GMT"
"삼성전자, 퀄컴 차량용 솔루션에 ‘LPDDR4X’ 공급 - Samsung Newsroom Korea",https://news.google.com/rss/articles/CBMihgJBVV95cUxOQ25XZWl4YXFPRU5NNU00cmVKdHRTUlJEQk9mOFpxbzU1TFlEbDg4UGkzMHpoZmZJOVRPQXdJNlhfX1p1WUJPWVNSSVlpdEpVazBfVi1VQ25rRFRMeXdaeENKWHlfSFVpR1RzUktPOEdSa1hjTl9pU0JQUUZOVDdJRElTQUNzbVhDbDlxZ2lBSU5SMlBMSGRuZ0xMVTltUnBxdTRjb0hYcGZqTk5KTmR6a3NfSE8zQmlWWDNRX25URFF0SXNqVGtTc2tueEE5S3YyRVVzOC1na2IwS3MzN1hKSE5JRUx2TzljR1NqalhORENyQUN1US1VeWx0WFM2cTNfakVMd2dR?oc=5,"Tue, 27 Aug 2024 07:00:00 GMT"
[CES 2024] “시청 경험을 넘어 일상을 바꾸는 혁신” 삼성전자가 제시하는 차세대 스크린 경험 - Samsung Newsroom Korea,https://news.google.com/rss/articles/CBMirgJBVV95cUxQQ0pQbldBMHUwWlFoa2s1eHFRcmcyeGVERWljR3RLclh0YmVRYTBOUHJwQXpwdXdaRVM1eTNCS1NFb0g1am9OSURnWVZmaU9kVGFjZ3Z3ei01UUR3Ry1JdVhIRjQtbU5lQU5iS0NwRW5lWlBDZVNQVzdRaFNReUtQRXJuMkFESXdLTUhOSXZtZEk0ZGM4Q3pRX2JsUlYxMDdGV3YzNm5ob2JUMlpJQUNiUWNvMjJ5Nm1Jak0xWExPM1JJbUFrWjV3OEhEVW1NVE5UbDBVZVdWblphU3RzRk45WENGc3FyZXpRbDZCUWd5YlY5emdnWVIxQUtpM21sV0VyVTlTM2thc1M2bl84M1JtdFlxN2V5azZtaDJqQ3YzRGNtNHA1ZkF6Vk9JSUU3QQ?oc=5,"Wed, 10 Jan 2024 08:00:00 GMT"
